COUNTRY,ISO3,WHO_REGION,DATA_SOURCE,DATE_UPDATED,TOTAL_VACCINATIONS,PERSONS_VACCINATED_1PLUS_DOSE,TOTAL_VACCINATIONS_PER100,PERSONS_VACCINATED_1PLUS_DOSE_PER100,PERSONS_FULLY_VACCINATED,PERSONS_FULLY_VACCINATED_PER100,FIRST_VACCINE_DATE,NUMBER_VACCINES_TYPES_USED,VACCINES_USED
Afghanistan,AFG,EMRO,REPORTING,9/16/2021 0:00,2367948,956131,6.083,2.456,1411817,3.627,2/22/2021 0:00,4,Beijing CNBG - BBIBP-CorV
Afghanistan,AFG,EMRO,REPORTING,9/16/2021 0:00,2367948,956131,6.083,2.456,1411817,3.627,2/22/2021 0:00,4,Janssen - Ad26.COV 2.5
Afghanistan,AFG,EMRO,REPORTING,9/16/2021 0:00,2367948,956131,6.083,2.456,1411817,3.627,2/22/2021 0:00,4,Pfizer BioNTech - Comirnaty
Afghanistan,AFG,EMRO,REPORTING,9/16/2021 0:00,2367948,956131,6.083,2.456,1411817,3.627,2/22/2021 0:00,4,SII - Covishield
Albania,ALB,EURO,OWID,9/21/2021 0:00,1665590,923771,57.877,32.1,741819,25.777,,4,AstraZeneca - AZD1222
Albania,ALB,EURO,OWID,9/21/2021 0:00,1665590,923771,57.877,32.1,741819,25.777,,4,Pfizer BioNTech - Comirnaty
Albania,ALB,EURO,OWID,9/21/2021 0:00,1665590,923771,57.877,32.1,741819,25.777,,4,Sinovac - CoronaVac
Albania,ALB,EURO,OWID,9/21/2021 0:00,1665590,923771,57.877,32.1,741819,25.777,,4,Gamaleya - Sputnik V
Algeria,DZA,AFRO,REPORTING,9/12/2021 0:00,9989662,5815039,22.781,13.261,4174623,9.52,1/30/2021 0:00,3,Beijing CNBG - BBIBP-CorV
Algeria,DZA,AFRO,REPORTING,9/12/2021 0:00,9989662,5815039,22.781,13.261,4174623,9.52,1/30/2021 0:00,3,Gamaleya - Sputnik V
Algeria,DZA,AFRO,REPORTING,9/12/2021 0:00,9989662,5815039,22.781,13.261,4174623,9.52,1/30/2021 0:00,3,SII - Covishield
American Samoa,ASM,WPRO,REPORTING,9/14/2021 0:00,58228,32223,105.491,58.378,26551,48.102,12/21/2020 0:00,3,Janssen - Ad26.COV 2.5
American Samoa,ASM,WPRO,REPORTING,9/14/2021 0:00,58228,32223,105.491,58.378,26551,48.102,12/21/2020 0:00,3,Moderna - mRNA-1273
American Samoa,ASM,WPRO,REPORTING,9/14/2021 0:00,58228,32223,105.491,58.378,26551,48.102,12/21/2020 0:00,3,Pfizer BioNTech - Comirnaty
Andorra,AND,EURO,OWID,8/29/2021 0:00,93430,51599,120.922,66.782,41831,54.14,,2,AstraZeneca - AZD1222
Andorra,AND,EURO,OWID,8/29/2021 0:00,93430,51599,120.922,66.782,41831,54.14,,2,Pfizer BioNTech - Comirnaty
Angola,AGO,AFRO,REPORTING,9/19/2021 0:00,2820134,1836547,8.581,5.588,983587,2.993,3/10/2021 0:00,1,SII - Covishield
Anguilla,AIA,AMRO,REPORTING,9/17/2021 0:00,18565,9498,123.75,63.312,9067,60.439,2/5/2021 0:00,1,AstraZeneca - Vaxzevria
Antigua and Barbuda,ATG,AMRO,REPORTING,9/17/2021 0:00,81298,44734,83.017,45.68,36564,37.337,2/19/2021 0:00,6,AstraZeneca - Vaxzevria
Antigua and Barbuda,ATG,AMRO,REPORTING,9/17/2021 0:00,81298,44734,83.017,45.68,36564,37.337,2/19/2021 0:00,6,Beijing CNBG - BBIBP-CorV
Antigua and Barbuda,ATG,AMRO,REPORTING,9/17/2021 0:00,81298,44734,83.017,45.68,36564,37.337,2/19/2021 0:00,6,Gamaleya - Sputnik V
Antigua and Barbuda,ATG,AMRO,REPORTING,9/17/2021 0:00,81298,44734,83.017,45.68,36564,37.337,2/19/2021 0:00,6,Janssen - Ad26.COV 2.5
Antigua and Barbuda,ATG,AMRO,REPORTING,9/17/2021 0:00,81298,44734,83.017,45.68,36564,37.337,2/19/2021 0:00,6,Pfizer BioNTech - Comirnaty
Antigua and Barbuda,ATG,AMRO,REPORTING,9/17/2021 0:00,81298,44734,83.017,45.68,36564,37.337,2/19/2021 0:00,6,SII - Covishield
Argentina,ARG,AMRO,REPORTING,9/3/2021 0:00,43696315,28183966,96.682,62.36,15512349,34.323,12/29/2020 0:00,7,AstraZeneca - Vaxzevria
Argentina,ARG,AMRO,REPORTING,9/3/2021 0:00,43696315,28183966,96.682,62.36,15512349,34.323,12/29/2020 0:00,7,Beijing CNBG - BBIBP-CorV
Argentina,ARG,AMRO,REPORTING,9/3/2021 0:00,43696315,28183966,96.682,62.36,15512349,34.323,12/29/2020 0:00,7,CanSino - Ad5-nCOV
Argentina,ARG,AMRO,REPORTING,9/3/2021 0:00,43696315,28183966,96.682,62.36,15512349,34.323,12/29/2020 0:00,7,Gamaleya - Sputnik V
Argentina,ARG,AMRO,REPORTING,9/3/2021 0:00,43696315,28183966,96.682,62.36,15512349,34.323,12/29/2020 0:00,7,Moderna - mRNA-1273
Argentina,ARG,AMRO,REPORTING,9/3/2021 0:00,43696315,28183966,96.682,62.36,15512349,34.323,12/29/2020 0:00,7,Pfizer BioNTech - Comirnaty
Argentina,ARG,AMRO,REPORTING,9/3/2021 0:00,43696315,28183966,96.682,62.36,15512349,34.323,12/29/2020 0:00,7,SII - Covishield
Armenia,ARM,EURO,OWID,9/19/2021 0:00,366779,237454,12.378,8.013,129325,4.364,,3,AstraZeneca - AZD1222
Armenia,ARM,EURO,OWID,9/19/2021 0:00,366779,237454,12.378,8.013,129325,4.364,,3,Sinovac - CoronaVac
Armenia,ARM,EURO,OWID,9/19/2021 0:00,366779,237454,12.378,8.013,129325,4.364,,3,Gamaleya - Sputnik V
Aruba,ABW,AMRO,REPORTING,9/17/2021 0:00,153671,80436,143.933,75.339,73235,68.594,2/17/2021 0:00,2,Janssen - Ad26.COV 2.5
Aruba,ABW,AMRO,REPORTING,9/17/2021 0:00,153671,80436,143.933,75.339,73235,68.594,2/17/2021 0:00,2,Pfizer BioNTech - Comirnaty
Australia,AUS,WPRO,REPORTING,9/11/2021 0:00,22669372,13907333,88.9,54.539,8720390,34.198,2/21/2021 0:00,3,AstraZeneca - Vaxzevria
Australia,AUS,WPRO,REPORTING,9/11/2021 0:00,22669372,13907333,88.9,54.539,8720390,34.198,2/21/2021 0:00,3,Novavax - Covavax
Australia,AUS,WPRO,REPORTING,9/11/2021 0:00,22669372,13907333,88.9,54.539,8720390,34.198,2/21/2021 0:00,3,Pfizer BioNTech - Comirnaty
Austria,AUT,EURO,OWID,9/21/2021 0:00,10750025,5679793,120.772,63.81,5364832,60.272,,4,Janssen - Ad26.COV 2.5
Austria,AUT,EURO,OWID,9/21/2021 0:00,10750025,5679793,120.772,63.81,5364832,60.272,,4,Moderna - mRNA-1273
Austria,AUT,EURO,OWID,9/21/2021 0:00,10750025,5679793,120.772,63.81,5364832,60.272,,4,AstraZeneca - AZD1222
Austria,AUT,EURO,OWID,9/21/2021 0:00,10750025,5679793,120.772,63.81,5364832,60.272,,4,Pfizer BioNTech - Comirnaty
Azerbaijan,AZE,EURO,OWID,9/21/2021 0:00,8043423,4636579,79.33,45.729,3406844,33.601,,3,AstraZeneca - AZD1222
Azerbaijan,AZE,EURO,OWID,9/21/2021 0:00,8043423,4636579,79.33,45.729,3406844,33.601,,3,Sinovac - CoronaVac
Azerbaijan,AZE,EURO,OWID,9/21/2021 0:00,8043423,4636579,79.33,45.729,3406844,33.601,,3,Gamaleya - Sputnik V
Bahamas,BHS,AMRO,REPORTING,9/17/2021 0:00,173130,110712,44.026,28.154,62418,15.873,3/14/2021 0:00,4,AstraZeneca - Vaxzevria
Bahamas,BHS,AMRO,REPORTING,9/17/2021 0:00,173130,110712,44.026,28.154,62418,15.873,3/14/2021 0:00,4,Janssen - Ad26.COV 2.5
Bahamas,BHS,AMRO,REPORTING,9/17/2021 0:00,173130,110712,44.026,28.154,62418,15.873,3/14/2021 0:00,4,Pfizer BioNTech - Comirnaty
Bahamas,BHS,AMRO,REPORTING,9/17/2021 0:00,173130,110712,44.026,28.154,62418,15.873,3/14/2021 0:00,4,SII - Covishield
Bahrain,BHR,EMRO,REPORTING,9/21/2021 0:00,2540605,1161576,149.309,68.265,1106426,65.024,11/4/2020 0:00,7,AstraZeneca - Vaxzevria
Bahrain,BHR,EMRO,REPORTING,9/21/2021 0:00,2540605,1161576,149.309,68.265,1106426,65.024,11/4/2020 0:00,7,Beijing CNBG - BBIBP-CorV
Bahrain,BHR,EMRO,REPORTING,9/21/2021 0:00,2540605,1161576,149.309,68.265,1106426,65.024,11/4/2020 0:00,7,Gamaleya - Sputnik V
Bahrain,BHR,EMRO,REPORTING,9/21/2021 0:00,2540605,1161576,149.309,68.265,1106426,65.024,11/4/2020 0:00,7,Janssen - Ad26.COV 2.5
Bahrain,BHR,EMRO,REPORTING,9/21/2021 0:00,2540605,1161576,149.309,68.265,1106426,65.024,11/4/2020 0:00,7,Moderna - mRNA-1273
Bahrain,BHR,EMRO,REPORTING,9/21/2021 0:00,2540605,1161576,149.309,68.265,1106426,65.024,11/4/2020 0:00,7,Pfizer BioNTech - Comirnaty
Bahrain,BHR,EMRO,REPORTING,9/21/2021 0:00,2540605,1161576,149.309,68.265,1106426,65.024,11/4/2020 0:00,7,SII - Covishield
Barbados,BRB,AMRO,REPORTING,9/17/2021 0:00,219970,123255,76.545,42.89,96715,33.655,2/10/2021 0:00,4,AstraZeneca - Vaxzevria
Barbados,BRB,AMRO,REPORTING,9/17/2021 0:00,219970,123255,76.545,42.89,96715,33.655,2/10/2021 0:00,4,Beijing CNBG - BBIBP-CorV
Barbados,BRB,AMRO,REPORTING,9/17/2021 0:00,219970,123255,76.545,42.89,96715,33.655,2/10/2021 0:00,4,Pfizer BioNTech - Comirnaty
Barbados,BRB,AMRO,REPORTING,9/17/2021 0:00,219970,123255,76.545,42.89,96715,33.655,2/10/2021 0:00,4,SII - Covishield
Belarus,BLR,EURO,OWID,9/12/2021 0:00,3206505,1751254,33.934,18.533,1455251,15.401,,2,Beijing CNBG - Inactivated
Belarus,BLR,EURO,OWID,9/12/2021 0:00,3206505,1751254,33.934,18.533,1455251,15.401,,2,Gamaleya - Sputnik V
Belgium,BEL,EURO,OWID,9/21/2021 0:00,16500122,8539978,143.2,74.116,8335168,72.339,,4,Janssen - Ad26.COV 2.5
Belgium,BEL,EURO,OWID,9/21/2021 0:00,16500122,8539978,143.2,74.116,8335168,72.339,,4,Moderna - mRNA-1273
Belgium,BEL,EURO,OWID,9/21/2021 0:00,16500122,8539978,143.2,74.116,8335168,72.339,,4,AstraZeneca - AZD1222
Belgium,BEL,EURO,OWID,9/21/2021 0:00,16500122,8539978,143.2,74.116,8335168,72.339,,4,Pfizer BioNTech - Comirnaty
Belize,BLZ,AMRO,REPORTING,9/17/2021 0:00,270742,184312,68.089,46.353,91744,23.073,3/1/2021 0:00,5,AstraZeneca - Vaxzevria
Belize,BLZ,AMRO,REPORTING,9/17/2021 0:00,270742,184312,68.089,46.353,91744,23.073,3/1/2021 0:00,5,Beijing CNBG - BBIBP-CorV
Belize,BLZ,AMRO,REPORTING,9/17/2021 0:00,270742,184312,68.089,46.353,91744,23.073,3/1/2021 0:00,5,Janssen - Ad26.COV 2.5
Belize,BLZ,AMRO,REPORTING,9/17/2021 0:00,270742,184312,68.089,46.353,91744,23.073,3/1/2021 0:00,5,Pfizer BioNTech - Comirnaty
Belize,BLZ,AMRO,REPORTING,9/17/2021 0:00,270742,184312,68.089,46.353,91744,23.073,3/1/2021 0:00,5,SII - Covishield
Benin,BEN,AFRO,REPORTING,9/21/2021 0:00,214396,60926,1.768,0.503,153470,1.266,3/29/2021 0:00,2,SII - Covishield
Benin,BEN,AFRO,REPORTING,9/21/2021 0:00,214396,60926,1.768,0.503,153470,1.266,3/29/2021 0:00,2,Sinovac - CoronaVac
Bermuda,BMU,AMRO,REPORTING,9/17/2021 0:00,86194,43549,138.413,69.932,42645,68.481,1/11/2021 0:00,2,AstraZeneca - Vaxzevria
Bermuda,BMU,AMRO,REPORTING,9/17/2021 0:00,86194,43549,138.413,69.932,42645,68.481,1/11/2021 0:00,2,Pfizer BioNTech - Comirnaty
Bhutan,BTN,SEARO,REPORTING,9/19/2021 0:00,1068414,574135,138.466,74.408,494279,64.058,3/27/2021 0:00,5,AstraZeneca - Vaxzevria
Bhutan,BTN,SEARO,REPORTING,9/19/2021 0:00,1068414,574135,138.466,74.408,494279,64.058,3/27/2021 0:00,5,Beijing CNBG - BBIBP-CorV
Bhutan,BTN,SEARO,REPORTING,9/19/2021 0:00,1068414,574135,138.466,74.408,494279,64.058,3/27/2021 0:00,5,Moderna - mRNA-1273
Bhutan,BTN,SEARO,REPORTING,9/19/2021 0:00,1068414,574135,138.466,74.408,494279,64.058,3/27/2021 0:00,5,Pfizer BioNTech - Comirnaty
Bhutan,BTN,SEARO,REPORTING,9/19/2021 0:00,1068414,574135,138.466,74.408,494279,64.058,3/27/2021 0:00,5,SII - Covishield
Bolivia (Plurinational State of),BOL,AMRO,REPORTING,9/17/2021 0:00,6363625,4169194,54.516,35.716,3028636,25.946,1/30/2021 0:00,5,Beijing CNBG - BBIBP-CorV
Bolivia (Plurinational State of),BOL,AMRO,REPORTING,9/17/2021 0:00,6363625,4169194,54.516,35.716,3028636,25.946,1/30/2021 0:00,5,Gamaleya - Sputnik V
Bolivia (Plurinational State of),BOL,AMRO,REPORTING,9/17/2021 0:00,6363625,4169194,54.516,35.716,3028636,25.946,1/30/2021 0:00,5,Janssen - Ad26.COV 2.5
Bolivia (Plurinational State of),BOL,AMRO,REPORTING,9/17/2021 0:00,6363625,4169194,54.516,35.716,3028636,25.946,1/30/2021 0:00,5,Pfizer BioNTech - Comirnaty
Bolivia (Plurinational State of),BOL,AMRO,REPORTING,9/17/2021 0:00,6363625,4169194,54.516,35.716,3028636,25.946,1/30/2021 0:00,5,SII - Covishield
"Bonaire, Sint Eustatius and Saba",BES,AMRO,REPORTING,4/9/2021 0:00,7391,5726,28.441,22.034,2965,11.41,2/22/2021 0:00,2,Moderna - mRNA-1273
"Bonaire, Sint Eustatius and Saba",BES,AMRO,REPORTING,4/9/2021 0:00,7391,5726,28.441,22.034,2965,11.41,2/22/2021 0:00,2,Pfizer BioNTech - Comirnaty
Bosnia and Herzegovina,BIH,EURO,OWID,9/7/2021 0:00,1060145,634063,32.313,19.326,426082,12.987,,4,AstraZeneca - AZD1222
Bosnia and Herzegovina,BIH,EURO,OWID,9/7/2021 0:00,1060145,634063,32.313,19.326,426082,12.987,,4,Pfizer BioNTech - Comirnaty
Bosnia and Herzegovina,BIH,EURO,OWID,9/7/2021 0:00,1060145,634063,32.313,19.326,426082,12.987,,4,Sinovac - CoronaVac
Bosnia and Herzegovina,BIH,EURO,OWID,9/7/2021 0:00,1060145,634063,32.313,19.326,426082,12.987,,4,Gamaleya - Sputnik V
Botswana,BWA,AFRO,REPORTING,9/20/2021 0:00,379684,408579,16.146,17.374,336014,14.289,3/26/2021 0:00,4,Moderna - mRNA-1273
Botswana,BWA,AFRO,REPORTING,9/20/2021 0:00,379684,408579,16.146,17.374,336014,14.289,3/26/2021 0:00,4,Pfizer BioNTech - Comirnaty
Botswana,BWA,AFRO,REPORTING,9/20/2021 0:00,379684,408579,16.146,17.374,336014,14.289,3/26/2021 0:00,4,SII - Covishield
Botswana,BWA,AFRO,REPORTING,9/20/2021 0:00,379684,408579,16.146,17.374,336014,14.289,3/26/2021 0:00,4,Sinovac - CoronaVac
Brazil,BRA,AMRO,REPORTING,9/17/2021 0:00,207860768,138338809,97.789,65.082,74055603,34.84,1/17/2021 0:00,5,AstraZeneca - Vaxzevria
Brazil,BRA,AMRO,REPORTING,9/17/2021 0:00,207860768,138338809,97.789,65.082,74055603,34.84,1/17/2021 0:00,5,Janssen - Ad26.COV 2.5
Brazil,BRA,AMRO,REPORTING,9/17/2021 0:00,207860768,138338809,97.789,65.082,74055603,34.84,1/17/2021 0:00,5,Pfizer BioNTech - Comirnaty
Brazil,BRA,AMRO,REPORTING,9/17/2021 0:00,207860768,138338809,97.789,65.082,74055603,34.84,1/17/2021 0:00,5,SII - Covishield
Brazil,BRA,AMRO,REPORTING,9/17/2021 0:00,207860768,138338809,97.789,65.082,74055603,34.84,1/17/2021 0:00,5,Sinovac - CoronaVac
British Virgin Islands,VGB,AMRO,REPORTING,9/10/2021 0:00,31704,17298,104.852,57.208,14406,47.644,2/11/2021 0:00,2,AstraZeneca - Vaxzevria
British Virgin Islands,VGB,AMRO,REPORTING,9/10/2021 0:00,31704,17298,104.852,57.208,14406,47.644,2/11/2021 0:00,2,Janssen - Ad26.COV 2.5
Brunei Darussalam,BRN,WPRO,REPORTING,9/10/2021 0:00,370287,235380,84.641,53.804,134907,30.837,4/3/2021 0:00,5,AstraZeneca - Vaxzevria
Brunei Darussalam,BRN,WPRO,REPORTING,9/10/2021 0:00,370287,235380,84.641,53.804,134907,30.837,4/3/2021 0:00,5,Beijing CNBG - BBIBP-CorV
Brunei Darussalam,BRN,WPRO,REPORTING,9/10/2021 0:00,370287,235380,84.641,53.804,134907,30.837,4/3/2021 0:00,5,Janssen - Ad26.COV 2.5
Brunei Darussalam,BRN,WPRO,REPORTING,9/10/2021 0:00,370287,235380,84.641,53.804,134907,30.837,4/3/2021 0:00,5,Moderna - mRNA-1273
Brunei Darussalam,BRN,WPRO,REPORTING,9/10/2021 0:00,370287,235380,84.641,53.804,134907,30.837,4/3/2021 0:00,5,Pfizer BioNTech - Comirnaty
Bulgaria,BGR,EURO,OWID,9/21/2021 0:00,2481276,,35.694,,1289055,18.544,,4,Janssen - Ad26.COV 2.5
Bulgaria,BGR,EURO,OWID,9/21/2021 0:00,2481276,,35.694,,1289055,18.544,,4,Moderna - mRNA-1273
Bulgaria,BGR,EURO,OWID,9/21/2021 0:00,2481276,,35.694,,1289055,18.544,,4,AstraZeneca - AZD1222
Bulgaria,BGR,EURO,OWID,9/21/2021 0:00,2481276,,35.694,,1289055,18.544,,4,Pfizer BioNTech - Comirnaty
Burkina Faso,BFA,AFRO,REPORTING,9/22/2021 0:00,254545,234490,1.218,1.122,168141,0.804,6/2/2021 0:00,1,SII - Covishield
Cabo Verde,CPV,AFRO,REPORTING,9/22/2021 0:00,402075,282236,72.317,50.763,119839,21.554,3/18/2021 0:00,2,Pfizer BioNTech - Comirnaty
Cabo Verde,CPV,AFRO,REPORTING,9/22/2021 0:00,402075,282236,72.317,50.763,119839,21.554,3/18/2021 0:00,2,SII - Covishield
Cambodia,KHM,WPRO,REPORTING,9/10/2021 0:00,20554497,11406989,122.941,68.228,9350408,55.927,2/10/2021 0:00,5,AstraZeneca - Vaxzevria
Cambodia,KHM,WPRO,REPORTING,9/10/2021 0:00,20554497,11406989,122.941,68.228,9350408,55.927,2/10/2021 0:00,5,Beijing CNBG - BBIBP-CorV
Cambodia,KHM,WPRO,REPORTING,9/10/2021 0:00,20554497,11406989,122.941,68.228,9350408,55.927,2/10/2021 0:00,5,Janssen - Ad26.COV 2.5
Cambodia,KHM,WPRO,REPORTING,9/10/2021 0:00,20554497,11406989,122.941,68.228,9350408,55.927,2/10/2021 0:00,5,SII - Covishield
Cambodia,KHM,WPRO,REPORTING,9/10/2021 0:00,20554497,11406989,122.941,68.228,9350408,55.927,2/10/2021 0:00,5,Sinovac - CoronaVac
Cameroon,CMR,AFRO,REPORTING,9/22/2021 0:00,459397,376195,1.731,1.417,83202,0.313,4/12/2021 0:00,2,Beijing CNBG - BBIBP-CorV
Cameroon,CMR,AFRO,REPORTING,9/22/2021 0:00,459397,376195,1.731,1.417,83202,0.313,4/12/2021 0:00,2,SII - Covishield
Canada,CAN,AMRO,REPORTING,9/17/2021 0:00,54807381,28543478,145.215,75.628,26263903,69.588,12/14/2020 0:00,3,Moderna - mRNA-1273
Canada,CAN,AMRO,REPORTING,9/17/2021 0:00,54807381,28543478,145.215,75.628,26263903,69.588,12/14/2020 0:00,3,Pfizer BioNTech - Comirnaty
Canada,CAN,AMRO,REPORTING,9/17/2021 0:00,54807381,28543478,145.215,75.628,26263903,69.588,12/14/2020 0:00,3,SII - Covishield
Cayman Islands,CYM,AMRO,REPORTING,9/17/2021 0:00,104609,54167,159.174,82.421,50442,76.753,1/15/2021 0:00,1,Pfizer BioNTech - Comirnaty
Central African Republic,CAF,AFRO,REPORTING,9/16/2021 0:00,185678,82662,3.844,1.712,103016,2.133,3/19/2021 0:00,2,Bharat - Covaxin
Central African Republic,CAF,AFRO,REPORTING,9/16/2021 0:00,185678,82662,3.844,1.712,103016,2.133,3/19/2021 0:00,2,SII - Covishield
Chad,TCD,AFRO,REPORTING,9/19/2021 0:00,123052,98213,0.749,0.598,24839,0.151,6/4/2021 0:00,1,Beijing CNBG - BBIBP-CorV
Chile,CHL,AMRO,REPORTING,9/17/2021 0:00,30673101,14632278,160.456,76.544,13994080,73.205,12/21/2020 0:00,4,AstraZeneca - Vaxzevria
Chile,CHL,AMRO,REPORTING,9/17/2021 0:00,30673101,14632278,160.456,76.544,13994080,73.205,12/21/2020 0:00,4,CanSino - Ad5-nCOV
Chile,CHL,AMRO,REPORTING,9/17/2021 0:00,30673101,14632278,160.456,76.544,13994080,73.205,12/21/2020 0:00,4,Pfizer BioNTech - Comirnaty
Chile,CHL,AMRO,REPORTING,9/17/2021 0:00,30673101,14632278,160.456,76.544,13994080,73.205,12/21/2020 0:00,4,Sinovac - CoronaVac
China,CHN,WPRO,REPORTING,9/10/2021 0:00,2143864359,1099627432,145.714,74.739,973716927,66.181,7/22/2020 0:00,6,Anhui ZL - Recombinant
China,CHN,WPRO,REPORTING,9/10/2021 0:00,2143864359,1099627432,145.714,74.739,973716927,66.181,7/22/2020 0:00,6,Beijing CNBG - BBIBP-CorV
China,CHN,WPRO,REPORTING,9/10/2021 0:00,2143864359,1099627432,145.714,74.739,973716927,66.181,7/22/2020 0:00,6,CanSino - Ad5-nCOV
China,CHN,WPRO,REPORTING,9/10/2021 0:00,2143864359,1099627432,145.714,74.739,973716927,66.181,7/22/2020 0:00,6,Pfizer BioNTech - Comirnaty
China,CHN,WPRO,REPORTING,9/10/2021 0:00,2143864359,1099627432,145.714,74.739,973716927,66.181,7/22/2020 0:00,6,Sinovac - CoronaVac
China,CHN,WPRO,REPORTING,9/10/2021 0:00,2143864359,1099627432,145.714,74.739,973716927,66.181,7/22/2020 0:00,6,Wuhan CNBG - Inactivated
Colombia,COL,AMRO,REPORTING,9/17/2021 0:00,38002826,24841106,74.687,48.82,15968154,31.382,2/17/2021 0:00,5,AstraZeneca - Vaxzevria
Colombia,COL,AMRO,REPORTING,9/17/2021 0:00,38002826,24841106,74.687,48.82,15968154,31.382,2/17/2021 0:00,5,Janssen - Ad26.COV 2.5
Colombia,COL,AMRO,REPORTING,9/17/2021 0:00,38002826,24841106,74.687,48.82,15968154,31.382,2/17/2021 0:00,5,Moderna - mRNA-1273
Colombia,COL,AMRO,REPORTING,9/17/2021 0:00,38002826,24841106,74.687,48.82,15968154,31.382,2/17/2021 0:00,5,Pfizer BioNTech - Comirnaty
Colombia,COL,AMRO,REPORTING,9/17/2021 0:00,38002826,24841106,74.687,48.82,15968154,31.382,2/17/2021 0:00,5,Sinovac - CoronaVac
Comoros,COM,AFRO,REPORTING,9/22/2021 0:00,336863,174765,38.738,20.097,162098,18.641,4/10/2021 0:00,3,Beijing CNBG - BBIBP-CorV
Comoros,COM,AFRO,REPORTING,9/22/2021 0:00,336863,174765,38.738,20.097,162098,18.641,4/10/2021 0:00,3,Bharat - Covaxin
Comoros,COM,AFRO,REPORTING,9/22/2021 0:00,336863,174765,38.738,20.097,162098,18.641,4/10/2021 0:00,3,SII - Covishield
Congo,COG,AFRO,REPORTING,9/23/2021 0:00,216014,108840,3.915,1.972,107175,1.942,3/23/2021 0:00,4,Beijing CNBG - BBIBP-CorV
Congo,COG,AFRO,REPORTING,9/23/2021 0:00,216014,108840,3.915,1.972,107175,1.942,3/23/2021 0:00,4,Gamaleya - Sputnik V
Congo,COG,AFRO,REPORTING,9/23/2021 0:00,216014,108840,3.915,1.972,107175,1.942,3/23/2021 0:00,4,Moderna - mRNA-1273
Congo,COG,AFRO,REPORTING,9/23/2021 0:00,216014,108840,3.915,1.972,107175,1.942,3/23/2021 0:00,4,SII - Covishield
Cook Islands,COK,WPRO,REPORTING,8/3/2021 0:00,21761,11416,123.895,64.997,10345,58.899,5/17/2021 0:00,1,Pfizer BioNTech - Comirnaty
Costa Rica,CRI,AMRO,REPORTING,9/17/2021 0:00,4872085,3144786,95.641,61.734,1727299,33.908,12/24/2020 0:00,2,AstraZeneca - Vaxzevria
Costa Rica,CRI,AMRO,REPORTING,9/17/2021 0:00,4872085,3144786,95.641,61.734,1727299,33.908,12/24/2020 0:00,2,Pfizer BioNTech - Comirnaty
Côte d’Ivoire,CIV,AFRO,REPORTING,9/19/2021 0:00,1758966,1412268,6.668,5.354,346698,1.314,3/1/2021 0:00,3,Beijing CNBG - BBIBP-CorV
Côte d’Ivoire,CIV,AFRO,REPORTING,9/19/2021 0:00,1758966,1412268,6.668,5.354,346698,1.314,3/1/2021 0:00,3,Gamaleya - Sputnik V
Côte d’Ivoire,CIV,AFRO,REPORTING,9/19/2021 0:00,1758966,1412268,6.668,5.354,346698,1.314,3/1/2021 0:00,3,SII - Covishield
Croatia,HRV,EURO,OWID,9/21/2021 0:00,3380570,1789718,83.303,44.102,1677846,41.345,,3,Moderna - mRNA-1273
Croatia,HRV,EURO,OWID,9/21/2021 0:00,3380570,1789718,83.303,44.102,1677846,41.345,,3,AstraZeneca - AZD1222
Croatia,HRV,EURO,OWID,9/21/2021 0:00,3380570,1789718,83.303,44.102,1677846,41.345,,3,Pfizer BioNTech - Comirnaty
Cuba,CUB,AMRO,REPORTING,9/17/2021 0:00,17208732,7461666,151.932,65.877,5302545,46.815,,2,Abdala
Cuba,CUB,AMRO,REPORTING,9/17/2021 0:00,17208732,7461666,151.932,65.877,5302545,46.815,,2,Soberana02
Curaçao,CUW,AMRO,REPORTING,9/17/2021 0:00,185136,97149,112.824,59.204,87987,53.62,2/24/2021 0:00,3,AstraZeneca - Vaxzevria
Curaçao,CUW,AMRO,REPORTING,9/17/2021 0:00,185136,97149,112.824,59.204,87987,53.62,2/24/2021 0:00,3,Moderna - mRNA-1273
Curaçao,CUW,AMRO,REPORTING,9/17/2021 0:00,185136,97149,112.824,59.204,87987,53.62,2/24/2021 0:00,3,Pfizer BioNTech - Comirnaty
Cyprus,CYP,EURO,OWID,9/21/2021 0:00,1141805,592186,128.581,66.687,545946,61.48,,4,Janssen - Ad26.COV 2.5
Cyprus,CYP,EURO,OWID,9/21/2021 0:00,1141805,592186,128.581,66.687,545946,61.48,,4,Moderna - mRNA-1273
Cyprus,CYP,EURO,OWID,9/21/2021 0:00,1141805,592186,128.581,66.687,545946,61.48,,4,AstraZeneca - AZD1222
Cyprus,CYP,EURO,OWID,9/21/2021 0:00,1141805,592186,128.581,66.687,545946,61.48,,4,Pfizer BioNTech - Comirnaty
Czechia,CZE,EURO,OWID,9/21/2021 0:00,11737482,6051944,109.758,56.592,5912263,55.286,,4,Janssen - Ad26.COV 2.5
Czechia,CZE,EURO,OWID,9/21/2021 0:00,11737482,6051944,109.758,56.592,5912263,55.286,,4,Moderna - mRNA-1273
Czechia,CZE,EURO,OWID,9/21/2021 0:00,11737482,6051944,109.758,56.592,5912263,55.286,,4,AstraZeneca - AZD1222
Czechia,CZE,EURO,OWID,9/21/2021 0:00,11737482,6051944,109.758,56.592,5912263,55.286,,4,Pfizer BioNTech - Comirnaty
Democratic Republic of the Congo,COD,AFRO,REPORTING,9/22/2021 0:00,134860,97328,0.151,0.109,37532,0.042,4/19/2021 0:00,1,SII - Covishield
Denmark,DNK,EURO,OWID,9/21/2021 0:00,8744427,4446419,150.177,76.363,4344363,74.61,,3,Janssen - Ad26.COV 2.5
Denmark,DNK,EURO,OWID,9/21/2021 0:00,8744427,4446419,150.177,76.363,4344363,74.61,,3,Moderna - mRNA-1273
Denmark,DNK,EURO,OWID,9/21/2021 0:00,8744427,4446419,150.177,76.363,4344363,74.61,,3,Pfizer BioNTech - Comirnaty
Djibouti,DJI,EMRO,REPORTING,9/18/2021 0:00,66010,40689,6.681,4.118,26087,2.64,3/15/2021 0:00,6,Beijing CNBG - BBIBP-CorV
Djibouti,DJI,EMRO,REPORTING,9/18/2021 0:00,66010,40689,6.681,4.118,26087,2.64,3/15/2021 0:00,6,Gamaleya - Sputnik V
Djibouti,DJI,EMRO,REPORTING,9/18/2021 0:00,66010,40689,6.681,4.118,26087,2.64,3/15/2021 0:00,6,Janssen - Ad26.COV 2.5
Djibouti,DJI,EMRO,REPORTING,9/18/2021 0:00,66010,40689,6.681,4.118,26087,2.64,3/15/2021 0:00,6,Pfizer BioNTech - Comirnaty
Djibouti,DJI,EMRO,REPORTING,9/18/2021 0:00,66010,40689,6.681,4.118,26087,2.64,3/15/2021 0:00,6,SII - Covishield
Djibouti,DJI,EMRO,REPORTING,9/18/2021 0:00,66010,40689,6.681,4.118,26087,2.64,3/15/2021 0:00,6,Sinovac - CoronaVac
Dominica,DMA,AMRO,REPORTING,9/17/2021 0:00,43971,23300,61.078,32.365,20671,28.713,2/12/2021 0:00,4,AstraZeneca - Vaxzevria
Dominica,DMA,AMRO,REPORTING,9/17/2021 0:00,43971,23300,61.078,32.365,20671,28.713,2/12/2021 0:00,4,Beijing CNBG - BBIBP-CorV
Dominica,DMA,AMRO,REPORTING,9/17/2021 0:00,43971,23300,61.078,32.365,20671,28.713,2/12/2021 0:00,4,Pfizer BioNTech - Comirnaty
Dominica,DMA,AMRO,REPORTING,9/17/2021 0:00,43971,23300,61.078,32.365,20671,28.713,2/12/2021 0:00,4,SII - Covishield
Dominican Republic,DOM,AMRO,REPORTING,9/17/2021 0:00,11585713,5957432,106.801,54.918,4802290,44.269,2/16/2021 0:00,3,AstraZeneca - Vaxzevria
Dominican Republic,DOM,AMRO,REPORTING,9/17/2021 0:00,11585713,5957432,106.801,54.918,4802290,44.269,2/16/2021 0:00,3,SII - Covishield
Dominican Republic,DOM,AMRO,REPORTING,9/17/2021 0:00,11585713,5957432,106.801,54.918,4802290,44.269,2/16/2021 0:00,3,Sinovac - CoronaVac
Ecuador,ECU,AMRO,REPORTING,9/17/2021 0:00,20320001,10998667,115.173,62.34,9620899,54.531,1/21/2021 0:00,4,AstraZeneca - Vaxzevria
Ecuador,ECU,AMRO,REPORTING,9/17/2021 0:00,20320001,10998667,115.173,62.34,9620899,54.531,1/21/2021 0:00,4,CanSino - Ad5-nCOV
Ecuador,ECU,AMRO,REPORTING,9/17/2021 0:00,20320001,10998667,115.173,62.34,9620899,54.531,1/21/2021 0:00,4,Pfizer BioNTech - Comirnaty
Ecuador,ECU,AMRO,REPORTING,9/17/2021 0:00,20320001,10998667,115.173,62.34,9620899,54.531,1/21/2021 0:00,4,Sinovac - CoronaVac
Egypt,EGY,EMRO,REPORTING,9/16/2021 0:00,12964351,8158764,12.669,7.973,4805587,4.696,1/24/2021 0:00,6,AstraZeneca - Vaxzevria
Egypt,EGY,EMRO,REPORTING,9/16/2021 0:00,12964351,8158764,12.669,7.973,4805587,4.696,1/24/2021 0:00,6,Beijing CNBG - BBIBP-CorV
Egypt,EGY,EMRO,REPORTING,9/16/2021 0:00,12964351,8158764,12.669,7.973,4805587,4.696,1/24/2021 0:00,6,Gamaleya - Sputnik V
Egypt,EGY,EMRO,REPORTING,9/16/2021 0:00,12964351,8158764,12.669,7.973,4805587,4.696,1/24/2021 0:00,6,Janssen - Ad26.COV 2.5
Egypt,EGY,EMRO,REPORTING,9/16/2021 0:00,12964351,8158764,12.669,7.973,4805587,4.696,1/24/2021 0:00,6,Pfizer BioNTech - Comirnaty
Egypt,EGY,EMRO,REPORTING,9/16/2021 0:00,12964351,8158764,12.669,7.973,4805587,4.696,1/24/2021 0:00,6,Sinovac - CoronaVac
El Salvador,SLV,AMRO,REPORTING,9/17/2021 0:00,7013347,3748712,108.127,57.795,3264635,50.332,2/17/2021 0:00,5,AstraZeneca - Vaxzevria
El Salvador,SLV,AMRO,REPORTING,9/17/2021 0:00,7013347,3748712,108.127,57.795,3264635,50.332,2/17/2021 0:00,5,Moderna - mRNA-1273
El Salvador,SLV,AMRO,REPORTING,9/17/2021 0:00,7013347,3748712,108.127,57.795,3264635,50.332,2/17/2021 0:00,5,Pfizer BioNTech - Comirnaty
El Salvador,SLV,AMRO,REPORTING,9/17/2021 0:00,7013347,3748712,108.127,57.795,3264635,50.332,2/17/2021 0:00,5,SII - Covishield
El Salvador,SLV,AMRO,REPORTING,9/17/2021 0:00,7013347,3748712,108.127,57.795,3264635,50.332,2/17/2021 0:00,5,Sinovac - CoronaVac
Equatorial Guinea,GNQ,AFRO,REPORTING,9/20/2021 0:00,381835,219233,27.216,15.626,162602,11.59,2/12/2021 0:00,2,Beijing CNBG - BBIBP-CorV
Equatorial Guinea,GNQ,AFRO,REPORTING,9/20/2021 0:00,381835,219233,27.216,15.626,162602,11.59,2/12/2021 0:00,2,Sinovac - CoronaVac
Estonia,EST,EURO,OWID,9/21/2021 0:00,1342009,750012,100.981,56.435,591997,44.545,,4,Janssen - Ad26.COV 2.5
Estonia,EST,EURO,OWID,9/21/2021 0:00,1342009,750012,100.981,56.435,591997,44.545,,4,Moderna - mRNA-1273
Estonia,EST,EURO,OWID,9/21/2021 0:00,1342009,750012,100.981,56.435,591997,44.545,,4,AstraZeneca - AZD1222
Estonia,EST,EURO,OWID,9/21/2021 0:00,1342009,750012,100.981,56.435,591997,44.545,,4,Pfizer BioNTech - Comirnaty
Eswatini,SWZ,AFRO,REPORTING,9/22/2021 0:00,239551,206478,20.648,17.797,199621,17.206,3/19/2021 0:00,1,SII - Covishield
Ethiopia,ETH,AFRO,REPORTING,9/22/2021 0:00,3281470,2043626,2.854,1.778,1237844,1.077,3/13/2021 0:00,3,Beijing CNBG - BBIBP-CorV
Ethiopia,ETH,AFRO,REPORTING,9/22/2021 0:00,3281470,2043626,2.854,1.778,1237844,1.077,3/13/2021 0:00,3,Bharat - Covaxin
Ethiopia,ETH,AFRO,REPORTING,9/22/2021 0:00,3281470,2043626,2.854,1.778,1237844,1.077,3/13/2021 0:00,3,SII - Covishield
Falkland Islands (Malvinas),FLK,AMRO,OWID,4/14/2021 0:00,4407,2632,126.529,75.567,1775,50.962,,1,AstraZeneca - AZD1222
Faroe Islands,FRO,EURO,OWID,9/20/2021 0:00,73404,37658,150.218,77.065,35746,73.153,,2,Moderna - mRNA-1273
Faroe Islands,FRO,EURO,OWID,9/20/2021 0:00,73404,37658,150.218,77.065,35746,73.153,,2,Pfizer BioNTech - Comirnaty
Fiji,FJI,WPRO,REPORTING,9/10/2021 0:00,907249,568998,101.205,63.473,338251,37.732,3/7/2021 0:00,3,AstraZeneca - Vaxzevria
Fiji,FJI,WPRO,REPORTING,9/10/2021 0:00,907249,568998,101.205,63.473,338251,37.732,3/7/2021 0:00,3,Moderna - mRNA-1273
Fiji,FJI,WPRO,REPORTING,9/10/2021 0:00,907249,568998,101.205,63.473,338251,37.732,3/7/2021 0:00,3,SII - Covishield
Finland,FIN,EURO,OWID,9/21/2021 0:00,7410452,4109296,134.119,74.372,3301156,59.746,,3,Moderna - mRNA-1273
Finland,FIN,EURO,OWID,9/21/2021 0:00,7410452,4109296,134.119,74.372,3301156,59.746,,3,AstraZeneca - AZD1222
Finland,FIN,EURO,OWID,9/21/2021 0:00,7410452,4109296,134.119,74.372,3301156,59.746,,3,Pfizer BioNTech - Comirnaty
France,FRA,EURO,OWID,9/15/2021 0:00,92262410,49707676,141.856,76.427,43042655,66.179,,4,Janssen - Ad26.COV 2.5
France,FRA,EURO,OWID,9/15/2021 0:00,92262410,49707676,141.856,76.427,43042655,66.179,,4,Moderna - mRNA-1273
France,FRA,EURO,OWID,9/15/2021 0:00,92262410,49707676,141.856,76.427,43042655,66.179,,4,AstraZeneca - AZD1222
France,FRA,EURO,OWID,9/15/2021 0:00,92262410,49707676,141.856,76.427,43042655,66.179,,4,Pfizer BioNTech - Comirnaty
French Polynesia,PYF,WPRO,REPORTING,9/9/2021 0:00,235567,147213,83.859,52.406,124635,44.369,1/18/2021 0:00,2,Janssen - Ad26.COV 2.5
French Polynesia,PYF,WPRO,REPORTING,9/9/2021 0:00,235567,147213,83.859,52.406,124635,44.369,1/18/2021 0:00,2,Pfizer BioNTech - Comirnaty
Gabon,GAB,AFRO,REPORTING,9/20/2021 0:00,177392,100884,7.97,4.533,76508,3.437,3/23/2021 0:00,1,Beijing CNBG - BBIBP-CorV
Gambia,GMB,AFRO,REPORTING,9/2/2021 0:00,198322,198482,8.206,8.213,20547,0.85,3/10/2021 0:00,2,Beijing CNBG - BBIBP-CorV
Gambia,GMB,AFRO,REPORTING,9/2/2021 0:00,198322,198482,8.206,8.213,20547,0.85,3/10/2021 0:00,2,SII - Covishield
Georgia,GEO,EURO,OWID,9/21/2021 0:00,1686412,956417,42.275,23.975,729995,18.299,,4,AstraZeneca - AZD1222
Georgia,GEO,EURO,OWID,9/21/2021 0:00,1686412,956417,42.275,23.975,729995,18.299,,4,Pfizer BioNTech - Comirnaty
Georgia,GEO,EURO,OWID,9/21/2021 0:00,1686412,956417,42.275,23.975,729995,18.299,,4,Beijing CNBG - Inactivated
Georgia,GEO,EURO,OWID,9/21/2021 0:00,1686412,956417,42.275,23.975,729995,18.299,,4,Sinovac - CoronaVac
Germany,DEU,EURO,OWID,9/21/2021 0:00,106070782,56009980,127.54,67.347,52723861,63.395,,4,Janssen - Ad26.COV 2.5
Germany,DEU,EURO,OWID,9/21/2021 0:00,106070782,56009980,127.54,67.347,52723861,63.395,,4,Moderna - mRNA-1273
Germany,DEU,EURO,OWID,9/21/2021 0:00,106070782,56009980,127.54,67.347,52723861,63.395,,4,AstraZeneca - AZD1222
Germany,DEU,EURO,OWID,9/21/2021 0:00,106070782,56009980,127.54,67.347,52723861,63.395,,4,Pfizer BioNTech - Comirnaty
Ghana,GHA,AFRO,REPORTING,9/20/2021 0:00,1623582,865422,5.225,2.785,758160,2.44,3/2/2021 0:00,2,Gamaleya - Sputnik V
Ghana,GHA,AFRO,REPORTING,9/20/2021 0:00,1623582,865422,5.225,2.785,758160,2.44,3/2/2021 0:00,2,SII - Covishield
Gibraltar,GIB,EURO,OWID,9/21/2021 0:00,79335,39872,235.478,118.346,39463,117.132,,1,Pfizer BioNTech - Comirnaty
Greece,GRC,EURO,OWID,9/21/2021 0:00,11934359,6384199,111.343,59.562,5976351,55.757,,4,Janssen - Ad26.COV 2.5
Greece,GRC,EURO,OWID,9/21/2021 0:00,11934359,6384199,111.343,59.562,5976351,55.757,,4,Moderna - mRNA-1273
Greece,GRC,EURO,OWID,9/21/2021 0:00,11934359,6384199,111.343,59.562,5976351,55.757,,4,AstraZeneca - AZD1222
Greece,GRC,EURO,OWID,9/21/2021 0:00,11934359,6384199,111.343,59.562,5976351,55.757,,4,Pfizer BioNTech - Comirnaty
Greenland,GRL,EURO,OWID,9/20/2021 0:00,76879,40955,135.417,72.139,35924,63.278,,1,Moderna - mRNA-1273
Grenada,GRD,AMRO,REPORTING,9/17/2021 0:00,51610,30783,45.866,27.357,20827,18.509,2/15/2021 0:00,3,AstraZeneca - Vaxzevria
Grenada,GRD,AMRO,REPORTING,9/17/2021 0:00,51610,30783,45.866,27.357,20827,18.509,2/15/2021 0:00,3,Pfizer BioNTech - Comirnaty
Grenada,GRD,AMRO,REPORTING,9/17/2021 0:00,51610,30783,45.866,27.357,20827,18.509,2/15/2021 0:00,3,SII - Covishield
Guadeloupe,GLP,AMRO,REPORTING,9/17/2021 0:00,201607,121444,50.386,30.352,79601,19.894,1/8/2021 0:00,5,AstraZeneca - Vaxzevria
Guadeloupe,GLP,AMRO,REPORTING,9/17/2021 0:00,201607,121444,50.386,30.352,79601,19.894,1/8/2021 0:00,5,Moderna - mRNA-1273
Guadeloupe,GLP,AMRO,REPORTING,9/17/2021 0:00,201607,121444,50.386,30.352,79601,19.894,1/8/2021 0:00,5,Pfizer BioNTech - Comirnaty
Guam,GUM,WPRO,REPORTING,9/14/2021 0:00,220574,122191,130.691,72.399,107124,63.471,1/4/2021 0:00,3,Janssen - Ad26.COV 2.5
Guam,GUM,WPRO,REPORTING,9/14/2021 0:00,220574,122191,130.691,72.399,107124,63.471,1/4/2021 0:00,3,Moderna - mRNA-1273
Guam,GUM,WPRO,REPORTING,9/14/2021 0:00,220574,122191,130.691,72.399,107124,63.471,1/4/2021 0:00,3,Pfizer BioNTech - Comirnaty
Guatemala,GTM,AMRO,REPORTING,9/17/2021 0:00,5862778,3963266,32.724,22.122,1899512,10.603,2/25/2021 0:00,5,AstraZeneca - Vaxzevria
Guatemala,GTM,AMRO,REPORTING,9/17/2021 0:00,5862778,3963266,32.724,22.122,1899512,10.603,2/25/2021 0:00,5,Gamaleya - Sputnik V
Guatemala,GTM,AMRO,REPORTING,9/17/2021 0:00,5862778,3963266,32.724,22.122,1899512,10.603,2/25/2021 0:00,5,Moderna - mRNA-1273
Guatemala,GTM,AMRO,REPORTING,9/17/2021 0:00,5862778,3963266,32.724,22.122,1899512,10.603,2/25/2021 0:00,5,Pfizer BioNTech - Comirnaty
Guatemala,GTM,AMRO,REPORTING,9/17/2021 0:00,5862778,3963266,32.724,22.122,1899512,10.603,2/25/2021 0:00,5,SII - Covishield
Guernsey,GGY,EURO,OWID,9/20/2021 0:00,101586,,157.576,,,,,3,Moderna - mRNA-1273
Guernsey,GGY,EURO,OWID,9/20/2021 0:00,101586,,157.576,,,,,3,AstraZeneca - AZD1222
Guernsey,GGY,EURO,OWID,9/20/2021 0:00,101586,,157.576,,,,,3,Pfizer BioNTech - Comirnaty
Guinea,GIN,AFRO,REPORTING,9/22/2021 0:00,1486374,1021489,11.318,7.778,464885,3.54,3/5/2021 0:00,6,Beijing CNBG - BBIBP-CorV
Guinea,GIN,AFRO,REPORTING,9/22/2021 0:00,1486374,1021489,11.318,7.778,464885,3.54,3/5/2021 0:00,6,Gamaleya - Sputnik V
Guinea,GIN,AFRO,REPORTING,9/22/2021 0:00,1486374,1021489,11.318,7.778,464885,3.54,3/5/2021 0:00,6,Janssen - Ad26.COV 2.5
Guinea,GIN,AFRO,REPORTING,9/22/2021 0:00,1486374,1021489,11.318,7.778,464885,3.54,3/5/2021 0:00,6,Pfizer BioNTech - Comirnaty
Guinea,GIN,AFRO,REPORTING,9/22/2021 0:00,1486374,1021489,11.318,7.778,464885,3.54,3/5/2021 0:00,6,SII - Covishield
Guinea,GIN,AFRO,REPORTING,9/22/2021 0:00,1486374,1021489,11.318,7.778,464885,3.54,3/5/2021 0:00,6,Sinovac - CoronaVac
Guinea-Bissau,GNB,AFRO,REPORTING,9/22/2021 0:00,94715,87231,4.813,4.432,7484,0.38,4/2/2021 0:00,2,Beijing CNBG - BBIBP-CorV
Guinea-Bissau,GNB,AFRO,REPORTING,9/22/2021 0:00,94715,87231,4.813,4.432,7484,0.38,4/2/2021 0:00,2,SII - Covishield
Guyana,GUY,AMRO,REPORTING,9/17/2021 0:00,518295,341600,65.895,43.43,176695,22.465,2/11/2021 0:00,6,AstraZeneca - Vaxzevria
Guyana,GUY,AMRO,REPORTING,9/17/2021 0:00,518295,341600,65.895,43.43,176695,22.465,2/11/2021 0:00,6,Beijing CNBG - BBIBP-CorV
Guyana,GUY,AMRO,REPORTING,9/17/2021 0:00,518295,341600,65.895,43.43,176695,22.465,2/11/2021 0:00,6,Gamaleya - Sputnik V
Guyana,GUY,AMRO,REPORTING,9/17/2021 0:00,518295,341600,65.895,43.43,176695,22.465,2/11/2021 0:00,6,Moderna - mRNA-1273
Guyana,GUY,AMRO,REPORTING,9/17/2021 0:00,518295,341600,65.895,43.43,176695,22.465,2/11/2021 0:00,6,Pfizer BioNTech - Comirnaty
Guyana,GUY,AMRO,REPORTING,9/17/2021 0:00,518295,341600,65.895,43.43,176695,22.465,2/11/2021 0:00,6,SII - Covishield
Haiti,HTI,AMRO,REPORTING,9/17/2021 0:00,57341,40198,0.503,0.353,17484,0.153,,2,Janssen - Ad26.COV 2.5
Haiti,HTI,AMRO,REPORTING,9/17/2021 0:00,57341,40198,0.503,0.353,17484,0.153,,2,Moderna - mRNA-1273
Honduras,HND,AMRO,REPORTING,9/17/2021 0:00,4381368,2590970,44.236,26.159,1790773,18.08,2/26/2021 0:00,6,AstraZeneca - Vaxzevria
Honduras,HND,AMRO,REPORTING,9/17/2021 0:00,4381368,2590970,44.236,26.159,1790773,18.08,2/26/2021 0:00,6,Gamaleya - Sputnik V
Honduras,HND,AMRO,REPORTING,9/17/2021 0:00,4381368,2590970,44.236,26.159,1790773,18.08,2/26/2021 0:00,6,Janssen - Ad26.COV 2.5
Honduras,HND,AMRO,REPORTING,9/17/2021 0:00,4381368,2590970,44.236,26.159,1790773,18.08,2/26/2021 0:00,6,Moderna - mRNA-1273
Honduras,HND,AMRO,REPORTING,9/17/2021 0:00,4381368,2590970,44.236,26.159,1790773,18.08,2/26/2021 0:00,6,Pfizer BioNTech - Comirnaty
Honduras,HND,AMRO,REPORTING,9/17/2021 0:00,4381368,2590970,44.236,26.159,1790773,18.08,2/26/2021 0:00,6,SII - Covishield
Hungary,HUN,EURO,OWID,9/21/2021 0:00,,5865865,,60.042,5591911,57.238,,6,Janssen - Ad26.COV 2.5
Hungary,HUN,EURO,OWID,9/21/2021 0:00,,5865865,,60.042,5591911,57.238,,6,Moderna - mRNA-1273
Hungary,HUN,EURO,OWID,9/21/2021 0:00,,5865865,,60.042,5591911,57.238,,6,AstraZeneca - AZD1222
Hungary,HUN,EURO,OWID,9/21/2021 0:00,,5865865,,60.042,5591911,57.238,,6,Pfizer BioNTech - Comirnaty
Hungary,HUN,EURO,OWID,9/21/2021 0:00,,5865865,,60.042,5591911,57.238,,6,Beijing CNBG - Inactivated
Hungary,HUN,EURO,OWID,9/21/2021 0:00,,5865865,,60.042,5591911,57.238,,6,Gamaleya - Sputnik V
Iceland,ISL,EURO,OWID,9/21/2021 0:00,548904,281267,150.742,77.243,274497,75.384,,4,Janssen - Ad26.COV 2.5
Iceland,ISL,EURO,OWID,9/21/2021 0:00,548904,281267,150.742,77.243,274497,75.384,,4,Moderna - mRNA-1273
Iceland,ISL,EURO,OWID,9/21/2021 0:00,548904,281267,150.742,77.243,274497,75.384,,4,AstraZeneca - AZD1222
Iceland,ISL,EURO,OWID,9/21/2021 0:00,548904,281267,150.742,77.243,274497,75.384,,4,Pfizer BioNTech - Comirnaty
India,IND,SEARO,REPORTING,9/21/2021 0:00,818513827,609568160,59.312,44.171,208945667,15.141,1/16/2021 0:00,5,Bharat - Covaxin
India,IND,SEARO,REPORTING,9/21/2021 0:00,818513827,609568160,59.312,44.171,208945667,15.141,1/16/2021 0:00,5,Gamaleya - Sputnik V
India,IND,SEARO,REPORTING,9/21/2021 0:00,818513827,609568160,59.312,44.171,208945667,15.141,1/16/2021 0:00,5,Janssen - Ad26.COV 2.5
India,IND,SEARO,REPORTING,9/21/2021 0:00,818513827,609568160,59.312,44.171,208945667,15.141,1/16/2021 0:00,5,Moderna - mRNA-1273
India,IND,SEARO,REPORTING,9/21/2021 0:00,818513827,609568160,59.312,44.171,208945667,15.141,1/16/2021 0:00,5,SII - Covishield
Indonesia,IDN,SEARO,REPORTING,9/21/2021 0:00,127209288,81083498,46.508,29.644,46125790,16.864,1/13/2021 0:00,5,AstraZeneca - Vaxzevria
Indonesia,IDN,SEARO,REPORTING,9/21/2021 0:00,127209288,81083498,46.508,29.644,46125790,16.864,1/13/2021 0:00,5,Beijing CNBG - BBIBP-CorV
Indonesia,IDN,SEARO,REPORTING,9/21/2021 0:00,127209288,81083498,46.508,29.644,46125790,16.864,1/13/2021 0:00,5,Moderna - mRNA-1273
Indonesia,IDN,SEARO,REPORTING,9/21/2021 0:00,127209288,81083498,46.508,29.644,46125790,16.864,1/13/2021 0:00,5,Pfizer BioNTech - Comirnaty
Indonesia,IDN,SEARO,REPORTING,9/21/2021 0:00,127209288,81083498,46.508,29.644,46125790,16.864,1/13/2021 0:00,5,Sinovac - CoronaVac
Iran (Islamic Republic of),IRN,EMRO,REPORTING,9/20/2021 0:00,43372270,29526662,51.638,35.154,13961491,16.622,2/9/2021 0:00,4,AstraZeneca - Vaxzevria
Iran (Islamic Republic of),IRN,EMRO,REPORTING,9/20/2021 0:00,43372270,29526662,51.638,35.154,13961491,16.622,2/9/2021 0:00,4,Beijing CNBG - BBIBP-CorV
Iran (Islamic Republic of),IRN,EMRO,REPORTING,9/20/2021 0:00,43372270,29526662,51.638,35.154,13961491,16.622,2/9/2021 0:00,4,Bharat - Covaxin
Iran (Islamic Republic of),IRN,EMRO,REPORTING,9/20/2021 0:00,43372270,29526662,51.638,35.154,13961491,16.622,2/9/2021 0:00,4,Gamaleya - Sputnik V
Iraq,IRQ,EMRO,REPORTING,9/11/2021 0:00,6672182,4203578,16.588,10.451,2468604,6.137,3/2/2021 0:00,4,AstraZeneca - Vaxzevria
Iraq,IRQ,EMRO,REPORTING,9/11/2021 0:00,6672182,4203578,16.588,10.451,2468604,6.137,3/2/2021 0:00,4,Beijing CNBG - BBIBP-CorV
Iraq,IRQ,EMRO,REPORTING,9/11/2021 0:00,6672182,4203578,16.588,10.451,2468604,6.137,3/2/2021 0:00,4,Gamaleya - Sputnik V
Iraq,IRQ,EMRO,REPORTING,9/11/2021 0:00,6672182,4203578,16.588,10.451,2468604,6.137,3/2/2021 0:00,4,Pfizer BioNTech - Comirnaty
Ireland,IRL,EURO,OWID,9/21/2021 0:00,7146326,3755964,143.95,75.657,3625372,73.027,,4,Janssen - Ad26.COV 2.5
Ireland,IRL,EURO,OWID,9/21/2021 0:00,7146326,3755964,143.95,75.657,3625372,73.027,,4,Moderna - mRNA-1273
Ireland,IRL,EURO,OWID,9/21/2021 0:00,7146326,3755964,143.95,75.657,3625372,73.027,,4,AstraZeneca - AZD1222
Ireland,IRL,EURO,OWID,9/21/2021 0:00,7146326,3755964,143.95,75.657,3625372,73.027,,4,Pfizer BioNTech - Comirnaty
Isle of Man,IMN,EURO,OWID,9/21/2021 0:00,129296,65457,152.056,76.979,63839,75.076,,2,AstraZeneca - AZD1222
Isle of Man,IMN,EURO,OWID,9/21/2021 0:00,129296,65457,152.056,76.979,63839,75.076,,2,Pfizer BioNTech - Comirnaty
Israel,ISR,EURO,OWID,9/21/2021 0:00,14771682,6073154,170.662,70.165,5593649,64.625,,2,Moderna - mRNA-1273
Israel,ISR,EURO,OWID,9/21/2021 0:00,14771682,6073154,170.662,70.165,5593649,64.625,,2,Pfizer BioNTech - Comirnaty
Italy,ITA,EURO,OWID,9/21/2021 0:00,82949592,44457812,139.08,74.542,39945023,66.975,,4,Janssen - Ad26.COV 2.5
Italy,ITA,EURO,OWID,9/21/2021 0:00,82949592,44457812,139.08,74.542,39945023,66.975,,4,Moderna - mRNA-1273
Italy,ITA,EURO,OWID,9/21/2021 0:00,82949592,44457812,139.08,74.542,39945023,66.975,,4,AstraZeneca - AZD1222
Italy,ITA,EURO,OWID,9/21/2021 0:00,82949592,44457812,139.08,74.542,39945023,66.975,,4,Pfizer BioNTech - Comirnaty
Jamaica,JAM,AMRO,REPORTING,9/17/2021 0:00,699529,503845,23.623,17.015,214971,7.26,3/10/2021 0:00,3,AstraZeneca - Vaxzevria
Jamaica,JAM,AMRO,REPORTING,9/17/2021 0:00,699529,503845,23.623,17.015,214971,7.26,3/10/2021 0:00,3,Janssen - Ad26.COV 2.5
Jamaica,JAM,AMRO,REPORTING,9/17/2021 0:00,699529,503845,23.623,17.015,214971,7.26,3/10/2021 0:00,3,SII - Covishield
Japan,JPN,WPRO,REPORTING,9/12/2021 0:00,144312589,79835876,114.102,63.123,64476713,50.979,2/17/2021 0:00,4,AstraZeneca - Vaxzevria
Japan,JPN,WPRO,REPORTING,9/12/2021 0:00,144312589,79835876,114.102,63.123,64476713,50.979,2/17/2021 0:00,4,Moderna - mRNA-1273
Japan,JPN,WPRO,REPORTING,9/12/2021 0:00,144312589,79835876,114.102,63.123,64476713,50.979,2/17/2021 0:00,4,Novavax - Covavax
Japan,JPN,WPRO,REPORTING,9/12/2021 0:00,144312589,79835876,114.102,63.123,64476713,50.979,2/17/2021 0:00,4,Pfizer BioNTech - Comirnaty
Jersey,JEY,EURO,OWID,9/15/2021 0:00,150652,76918,139.757,71.355,73734,68.401,,3,Moderna - mRNA-1273
Jersey,JEY,EURO,OWID,9/15/2021 0:00,150652,76918,139.757,71.355,73734,68.401,,3,AstraZeneca - AZD1222
Jersey,JEY,EURO,OWID,9/15/2021 0:00,150652,76918,139.757,71.355,73734,68.401,,3,Pfizer BioNTech - Comirnaty
Jordan,JOR,EMRO,REPORTING,9/21/2021 0:00,6830014,3639789,66.94,35.673,3190225,31.267,1/13/2021 0:00,6,AstraZeneca - Vaxzevria
Jordan,JOR,EMRO,REPORTING,9/21/2021 0:00,6830014,3639789,66.94,35.673,3190225,31.267,1/13/2021 0:00,6,Beijing CNBG - BBIBP-CorV
Jordan,JOR,EMRO,REPORTING,9/21/2021 0:00,6830014,3639789,66.94,35.673,3190225,31.267,1/13/2021 0:00,6,Gamaleya - Sputnik V
Jordan,JOR,EMRO,REPORTING,9/21/2021 0:00,6830014,3639789,66.94,35.673,3190225,31.267,1/13/2021 0:00,6,Janssen - Ad26.COV 2.5
Jordan,JOR,EMRO,REPORTING,9/21/2021 0:00,6830014,3639789,66.94,35.673,3190225,31.267,1/13/2021 0:00,6,Moderna - mRNA-1273
Jordan,JOR,EMRO,REPORTING,9/21/2021 0:00,6830014,3639789,66.94,35.673,3190225,31.267,1/13/2021 0:00,6,Pfizer BioNTech - Comirnaty
Kazakhstan,KAZ,EURO,OWID,9/21/2021 0:00,13536123,7334870,72.09,39.064,6201253,33.026,,3,QazVac
Kazakhstan,KAZ,EURO,OWID,9/21/2021 0:00,13536123,7334870,72.09,39.064,6201253,33.026,,3,Sinopharm/HayatVax
Kazakhstan,KAZ,EURO,OWID,9/21/2021 0:00,13536123,7334870,72.09,39.064,6201253,33.026,,3,Gamaleya - Sputnik V
Kenya,KEN,AFRO,REPORTING,9/22/2021 0:00,3507836,2631821,6.524,4.894,876015,1.629,3/5/2021 0:00,1,SII - Covishield
Kiribati,KIR,WPRO,REPORTING,9/10/2021 0:00,36258,29429,30.354,24.637,6829,5.717,5/26/2021 0:00,2,AstraZeneca - Vaxzevria
Kiribati,KIR,WPRO,REPORTING,9/10/2021 0:00,36258,29429,30.354,24.637,6829,5.717,5/26/2021 0:00,2,Beijing CNBG - BBIBP-CorV
Kosovo,XKX,EURO,OWID,9/21/2021 0:00,1193786,740026,66.482,41.212,453760,25.27,,2,AstraZeneca - AZD1222
Kosovo,XKX,EURO,OWID,9/21/2021 0:00,1193786,740026,66.482,41.212,453760,25.27,,2,Pfizer BioNTech - Comirnaty
Kuwait,KWT,EMRO,REPORTING,8/4/2021 0:00,2380000,,55.73,,,,12/28/2020 0:00,5,AstraZeneca - Vaxzevria
Kuwait,KWT,EMRO,REPORTING,8/4/2021 0:00,2380000,,55.73,,,,12/28/2020 0:00,5,Beijing CNBG - BBIBP-CorV
Kuwait,KWT,EMRO,REPORTING,8/4/2021 0:00,2380000,,55.73,,,,12/28/2020 0:00,5,Janssen - Ad26.COV 2.5
Kuwait,KWT,EMRO,REPORTING,8/4/2021 0:00,2380000,,55.73,,,,12/28/2020 0:00,5,Moderna - mRNA-1273
Kuwait,KWT,EMRO,REPORTING,8/4/2021 0:00,2380000,,55.73,,,,12/28/2020 0:00,5,Pfizer BioNTech - Comirnaty
Kyrgyzstan,KGZ,EURO,OWID,9/21/2021 0:00,1361717,780874,20.872,11.969,576364,8.834,,2,Beijing CNBG - Inactivated
Kyrgyzstan,KGZ,EURO,OWID,9/21/2021 0:00,1361717,780874,20.872,11.969,576364,8.834,,2,Gamaleya - Sputnik V
Lao People's Democratic Republic,LAO,WPRO,REPORTING,9/11/2021 0:00,3664650,2656850,50.369,36.517,1857709,25.534,11/25/2020 0:00,7,AstraZeneca - Vaxzevria
Lao People's Democratic Republic,LAO,WPRO,REPORTING,9/11/2021 0:00,3664650,2656850,50.369,36.517,1857709,25.534,11/25/2020 0:00,7,Beijing CNBG - BBIBP-CorV
Lao People's Democratic Republic,LAO,WPRO,REPORTING,9/11/2021 0:00,3664650,2656850,50.369,36.517,1857709,25.534,11/25/2020 0:00,7,Gamaleya - Sputnik V
Lao People's Democratic Republic,LAO,WPRO,REPORTING,9/11/2021 0:00,3664650,2656850,50.369,36.517,1857709,25.534,11/25/2020 0:00,7,Janssen - Ad26.COV 2.5
Lao People's Democratic Republic,LAO,WPRO,REPORTING,9/11/2021 0:00,3664650,2656850,50.369,36.517,1857709,25.534,11/25/2020 0:00,7,Pfizer BioNTech - Comirnaty
Lao People's Democratic Republic,LAO,WPRO,REPORTING,9/11/2021 0:00,3664650,2656850,50.369,36.517,1857709,25.534,11/25/2020 0:00,7,SII - Covishield
Lao People's Democratic Republic,LAO,WPRO,REPORTING,9/11/2021 0:00,3664650,2656850,50.369,36.517,1857709,25.534,11/25/2020 0:00,7,Sinovac - CoronaVac
Latvia,LVA,EURO,OWID,9/21/2021 0:00,1591932,892659,83.449,46.793,812983,42.616,,4,Janssen - Ad26.COV 2.5
Latvia,LVA,EURO,OWID,9/21/2021 0:00,1591932,892659,83.449,46.793,812983,42.616,,4,Moderna - mRNA-1273
Latvia,LVA,EURO,OWID,9/21/2021 0:00,1591932,892659,83.449,46.793,812983,42.616,,4,AstraZeneca - AZD1222
Latvia,LVA,EURO,OWID,9/21/2021 0:00,1591932,892659,83.449,46.793,812983,42.616,,4,Pfizer BioNTech - Comirnaty
Lebanon,LBN,EMRO,REPORTING,9/20/2021 0:00,2929966,1608545,42.927,23.567,1321421,19.36,2/14/2021 0:00,4,AstraZeneca - Vaxzevria
Lebanon,LBN,EMRO,REPORTING,9/20/2021 0:00,2929966,1608545,42.927,23.567,1321421,19.36,2/14/2021 0:00,4,Beijing CNBG - BBIBP-CorV
Lebanon,LBN,EMRO,REPORTING,9/20/2021 0:00,2929966,1608545,42.927,23.567,1321421,19.36,2/14/2021 0:00,4,Gamaleya - Sputnik V
Lebanon,LBN,EMRO,REPORTING,9/20/2021 0:00,2929966,1608545,42.927,23.567,1321421,19.36,2/14/2021 0:00,4,Pfizer BioNTech - Comirnaty
Lesotho,LSO,AFRO,REPORTING,9/20/2021 0:00,332954,249173,15.542,11.631,238727,11.144,3/10/2021 0:00,1,SII - Covishield
Liberia,LBR,AFRO,REPORTING,9/22/2021 0:00,248645,86288,4.916,1.706,154864,3.062,4/1/2021 0:00,1,SII - Covishield
Libya,LBY,EMRO,REPORTING,9/21/2021 0:00,1491581,1324629,21.707,19.278,166952,2.43,4/11/2021 0:00,7,AstraZeneca - Vaxzevria
Libya,LBY,EMRO,REPORTING,9/21/2021 0:00,1491581,1324629,21.707,19.278,166952,2.43,4/11/2021 0:00,7,Beijing CNBG - BBIBP-CorV
Libya,LBY,EMRO,REPORTING,9/21/2021 0:00,1491581,1324629,21.707,19.278,166952,2.43,4/11/2021 0:00,7,Gamaleya - Sputnik V
Libya,LBY,EMRO,REPORTING,9/21/2021 0:00,1491581,1324629,21.707,19.278,166952,2.43,4/11/2021 0:00,7,Janssen - Ad26.COV 2.5
Libya,LBY,EMRO,REPORTING,9/21/2021 0:00,1491581,1324629,21.707,19.278,166952,2.43,4/11/2021 0:00,7,Moderna - mRNA-1273
Libya,LBY,EMRO,REPORTING,9/21/2021 0:00,1491581,1324629,21.707,19.278,166952,2.43,4/11/2021 0:00,7,Pfizer BioNTech - Comirnaty
Libya,LBY,EMRO,REPORTING,9/21/2021 0:00,1491581,1324629,21.707,19.278,166952,2.43,4/11/2021 0:00,7,Sinovac - CoronaVac
Liechtenstein,LIE,OTHER,OWID,9/21/2021 0:00,46088,24182,118.946,62.41,22195,57.282,,2,Moderna - mRNA-1273
Liechtenstein,LIE,OTHER,OWID,9/21/2021 0:00,46088,24182,118.946,62.41,22195,57.282,,2,Pfizer BioNTech - Comirnaty
Lithuania,LTU,EURO,OWID,9/20/2021 0:00,3339375,1720488,119.516,61.576,1618887,57.94,,4,Janssen - Ad26.COV 2.5
Lithuania,LTU,EURO,OWID,9/20/2021 0:00,3339375,1720488,119.516,61.576,1618887,57.94,,4,Moderna - mRNA-1273
Lithuania,LTU,EURO,OWID,9/20/2021 0:00,3339375,1720488,119.516,61.576,1618887,57.94,,4,AstraZeneca - AZD1222
Lithuania,LTU,EURO,OWID,9/20/2021 0:00,3339375,1720488,119.516,61.576,1618887,57.94,,4,Pfizer BioNTech - Comirnaty
Luxembourg,LUX,EURO,OWID,9/17/2021 0:00,777789,414577,124.226,66.215,,,,4,Janssen - Ad26.COV 2.5
Luxembourg,LUX,EURO,OWID,9/17/2021 0:00,777789,414577,124.226,66.215,,,,4,Moderna - mRNA-1273
Luxembourg,LUX,EURO,OWID,9/17/2021 0:00,777789,414577,124.226,66.215,,,,4,AstraZeneca - AZD1222
Luxembourg,LUX,EURO,OWID,9/17/2021 0:00,777789,414577,124.226,66.215,,,,4,Pfizer BioNTech - Comirnaty
Madagascar,MDG,AFRO,REPORTING,9/20/2021 0:00,381633,197001,1.378,0.711,184632,0.667,5/10/2021 0:00,1,SII - Covishield
Malawi,MWI,AFRO,REPORTING,9/22/2021 0:00,1061153,758663,5.547,3.966,480236,2.51,3/11/2021 0:00,1,SII - Covishield
Malaysia,MYS,WPRO,REPORTING,9/10/2021 0:00,37395688,21080152,115.54,65.131,16680780,51.538,2/24/2021 0:00,5,AstraZeneca - Vaxzevria
Malaysia,MYS,WPRO,REPORTING,9/10/2021 0:00,37395688,21080152,115.54,65.131,16680780,51.538,2/24/2021 0:00,5,CanSino - Ad5-nCOV
Malaysia,MYS,WPRO,REPORTING,9/10/2021 0:00,37395688,21080152,115.54,65.131,16680780,51.538,2/24/2021 0:00,5,Gamaleya - Sputnik V
Malaysia,MYS,WPRO,REPORTING,9/10/2021 0:00,37395688,21080152,115.54,65.131,16680780,51.538,2/24/2021 0:00,5,Pfizer BioNTech - Comirnaty
Malaysia,MYS,WPRO,REPORTING,9/10/2021 0:00,37395688,21080152,115.54,65.131,16680780,51.538,2/24/2021 0:00,5,Sinovac - CoronaVac
Mali,MLI,AFRO,REPORTING,9/22/2021 0:00,397853,311376,1.965,1.538,86477,0.427,3/31/2021 0:00,1,SII - Covishield
Malta,MLT,EURO,OWID,9/21/2021 0:00,813115,419333,158.02,81.493,418710,81.372,,4,Janssen - Ad26.COV 2.5
Malta,MLT,EURO,OWID,9/21/2021 0:00,813115,419333,158.02,81.493,418710,81.372,,4,Moderna - mRNA-1273
Malta,MLT,EURO,OWID,9/21/2021 0:00,813115,419333,158.02,81.493,418710,81.372,,4,AstraZeneca - AZD1222
Malta,MLT,EURO,OWID,9/21/2021 0:00,813115,419333,158.02,81.493,418710,81.372,,4,Pfizer BioNTech - Comirnaty
Marshall Islands,MHL,WPRO,REPORTING,9/14/2021 0:00,38923,21704,65.755,36.666,19017,32.127,12/29/2020 0:00,3,Janssen - Ad26.COV 2.5
Marshall Islands,MHL,WPRO,REPORTING,9/14/2021 0:00,38923,21704,65.755,36.666,19017,32.127,12/29/2020 0:00,3,Moderna - mRNA-1273
Marshall Islands,MHL,WPRO,REPORTING,9/14/2021 0:00,38923,21704,65.755,36.666,19017,32.127,12/29/2020 0:00,3,Pfizer BioNTech - Comirnaty
Martinique,MTQ,AMRO,REPORTING,9/17/2021 0:00,202715,114562,54.019,30.528,88153,23.491,,1,Pfizer BioNTech - Comirnaty
Mauritania,MRT,AFRO,REPORTING,9/21/2021 0:00,876371,316252,18.848,6.802,560119,12.046,3/26/2021 0:00,2,Beijing CNBG - BBIBP-CorV
Mauritania,MRT,AFRO,REPORTING,9/21/2021 0:00,876371,316252,18.848,6.802,560119,12.046,3/26/2021 0:00,2,SII - Covishield
Mauritius,MUS,AFRO,REPORTING,9/22/2021 0:00,1633952,845164,128.479,66.456,786438,61.838,1/26/2021 0:00,3,Beijing CNBG - BBIBP-CorV
Mauritius,MUS,AFRO,REPORTING,9/22/2021 0:00,1633952,845164,128.479,66.456,786438,61.838,1/26/2021 0:00,3,Bharat - Covaxin
Mauritius,MUS,AFRO,REPORTING,9/22/2021 0:00,1633952,845164,128.479,66.456,786438,61.838,1/26/2021 0:00,3,SII - Covishield
Mexico,MEX,AMRO,REPORTING,9/17/2021 0:00,94144251,61573170,73.018,47.756,40997724,31.798,12/24/2020 0:00,7,AstraZeneca - Vaxzevria
Mexico,MEX,AMRO,REPORTING,9/17/2021 0:00,94144251,61573170,73.018,47.756,40997724,31.798,12/24/2020 0:00,7,CanSino - Ad5-nCOV
Mexico,MEX,AMRO,REPORTING,9/17/2021 0:00,94144251,61573170,73.018,47.756,40997724,31.798,12/24/2020 0:00,7,Gamaleya - Sputnik V
Mexico,MEX,AMRO,REPORTING,9/17/2021 0:00,94144251,61573170,73.018,47.756,40997724,31.798,12/24/2020 0:00,7,Janssen - Ad26.COV 2.5
Mexico,MEX,AMRO,REPORTING,9/17/2021 0:00,94144251,61573170,73.018,47.756,40997724,31.798,12/24/2020 0:00,7,Moderna - mRNA-1273
Mexico,MEX,AMRO,REPORTING,9/17/2021 0:00,94144251,61573170,73.018,47.756,40997724,31.798,12/24/2020 0:00,7,Pfizer BioNTech - Comirnaty
Mexico,MEX,AMRO,REPORTING,9/17/2021 0:00,94144251,61573170,73.018,47.756,40997724,31.798,12/24/2020 0:00,7,Sinovac - CoronaVac
Micronesia (Federated States of),FSM,WPRO,REPORTING,9/14/2021 0:00,67963,43235,59.086,37.588,35957,31.261,1/13/2021 0:00,4,AstraZeneca - Vaxzevria
Micronesia (Federated States of),FSM,WPRO,REPORTING,9/14/2021 0:00,67963,43235,59.086,37.588,35957,31.261,1/13/2021 0:00,4,Janssen - Ad26.COV 2.5
Micronesia (Federated States of),FSM,WPRO,REPORTING,9/14/2021 0:00,67963,43235,59.086,37.588,35957,31.261,1/13/2021 0:00,4,Moderna - mRNA-1273
Micronesia (Federated States of),FSM,WPRO,REPORTING,9/14/2021 0:00,67963,43235,59.086,37.588,35957,31.261,1/13/2021 0:00,4,Pfizer BioNTech - Comirnaty
Monaco,MCO,EURO,OWID,9/16/2021 0:00,49980,26672,127.357,67.965,23308,59.393,,1,Pfizer BioNTech - Comirnaty
Mongolia,MNG,WPRO,REPORTING,9/10/2021 0:00,4545348,2245997,138.65,68.511,2112809,64.449,2/23/2021 0:00,6,AstraZeneca - Vaxzevria
Mongolia,MNG,WPRO,REPORTING,9/10/2021 0:00,4545348,2245997,138.65,68.511,2112809,64.449,2/23/2021 0:00,6,Beijing CNBG - BBIBP-CorV
Mongolia,MNG,WPRO,REPORTING,9/10/2021 0:00,4545348,2245997,138.65,68.511,2112809,64.449,2/23/2021 0:00,6,Gamaleya - Sputnik V
Mongolia,MNG,WPRO,REPORTING,9/10/2021 0:00,4545348,2245997,138.65,68.511,2112809,64.449,2/23/2021 0:00,6,Moderna - mRNA-1273
Mongolia,MNG,WPRO,REPORTING,9/10/2021 0:00,4545348,2245997,138.65,68.511,2112809,64.449,2/23/2021 0:00,6,Pfizer BioNTech - Comirnaty
Mongolia,MNG,WPRO,REPORTING,9/10/2021 0:00,4545348,2245997,138.65,68.511,2112809,64.449,2/23/2021 0:00,6,SII - Covishield
Montenegro,MNE,EURO,OWID,9/21/2021 0:00,436177,231526,69.448,36.864,204651,32.585,,4,AstraZeneca - AZD1222
Montenegro,MNE,EURO,OWID,9/21/2021 0:00,436177,231526,69.448,36.864,204651,32.585,,4,Pfizer BioNTech - Comirnaty
Montenegro,MNE,EURO,OWID,9/21/2021 0:00,436177,231526,69.448,36.864,204651,32.585,,4,Beijing CNBG - Inactivated
Montenegro,MNE,EURO,OWID,9/21/2021 0:00,436177,231526,69.448,36.864,204651,32.585,,4,Gamaleya - Sputnik V
Montserrat,MSR,AMRO,REPORTING,9/17/2021 0:00,2856,1472,57.131,29.446,1384,27.686,2/8/2021 0:00,1,AstraZeneca - Vaxzevria
Morocco,MAR,EMRO,REPORTING,9/20/2021 0:00,38811965,21221268,105.151,57.494,17590697,47.658,1/28/2021 0:00,5,AstraZeneca - Vaxzevria
Morocco,MAR,EMRO,REPORTING,9/20/2021 0:00,38811965,21221268,105.151,57.494,17590697,47.658,1/28/2021 0:00,5,Beijing CNBG - BBIBP-CorV
Morocco,MAR,EMRO,REPORTING,9/20/2021 0:00,38811965,21221268,105.151,57.494,17590697,47.658,1/28/2021 0:00,5,Gamaleya - Sputnik V
Morocco,MAR,EMRO,REPORTING,9/20/2021 0:00,38811965,21221268,105.151,57.494,17590697,47.658,1/28/2021 0:00,5,Janssen - Ad26.COV 2.5
Morocco,MAR,EMRO,REPORTING,9/20/2021 0:00,38811965,21221268,105.151,57.494,17590697,47.658,1/28/2021 0:00,5,Pfizer BioNTech - Comirnaty
Mozambique,MOZ,AFRO,REPORTING,9/14/2021 0:00,3644423,1903730,11.66,6.091,1740693,5.569,3/8/2021 0:00,2,Beijing CNBG - BBIBP-CorV
Mozambique,MOZ,AFRO,REPORTING,9/14/2021 0:00,3644423,1903730,11.66,6.091,1740693,5.569,3/8/2021 0:00,2,SII - Covishield
Myanmar,MMR,SEARO,REPORTING,9/18/2021 0:00,9001616,5530365,16.544,10.164,3471251,6.38,1/27/2021 0:00,2,Beijing CNBG - BBIBP-CorV
Myanmar,MMR,SEARO,REPORTING,9/18/2021 0:00,9001616,5530365,16.544,10.164,3471251,6.38,1/27/2021 0:00,2,SII - Covishield
Namibia,NAM,AFRO,REPORTING,9/17/2021 0:00,297066,238724,11.691,9.395,150611,5.927,3/19/2021 0:00,2,Beijing CNBG - BBIBP-CorV
Namibia,NAM,AFRO,REPORTING,9/17/2021 0:00,297066,238724,11.691,9.395,150611,5.927,3/19/2021 0:00,2,SII - Covishield
Nauru,NRU,WPRO,REPORTING,8/20/2021 0:00,14790,7612,136.515,70.26,7178,66.254,4/9/2021 0:00,2,AstraZeneca - Vaxzevria
Nauru,NRU,WPRO,REPORTING,8/20/2021 0:00,14790,7612,136.515,70.26,7178,66.254,4/9/2021 0:00,2,SII - Covishield
Nepal,NPL,SEARO,REPORTING,9/20/2021 0:00,11804373,6215856,40.514,21.333,5588517,19.18,1/27/2021 0:00,6,AstraZeneca - Vaxzevria
Nepal,NPL,SEARO,REPORTING,9/20/2021 0:00,11804373,6215856,40.514,21.333,5588517,19.18,1/27/2021 0:00,6,Beijing CNBG - BBIBP-CorV
Nepal,NPL,SEARO,REPORTING,9/20/2021 0:00,11804373,6215856,40.514,21.333,5588517,19.18,1/27/2021 0:00,6,Bharat - Covaxin
Nepal,NPL,SEARO,REPORTING,9/20/2021 0:00,11804373,6215856,40.514,21.333,5588517,19.18,1/27/2021 0:00,6,Gamaleya - Sputnik V
Nepal,NPL,SEARO,REPORTING,9/20/2021 0:00,11804373,6215856,40.514,21.333,5588517,19.18,1/27/2021 0:00,6,Janssen - Ad26.COV 2.5
Nepal,NPL,SEARO,REPORTING,9/20/2021 0:00,11804373,6215856,40.514,21.333,5588517,19.18,1/27/2021 0:00,6,SII - Covishield
Netherlands,NLD,EURO,OWID,9/19/2021 0:00,22253571,12095510,127.838,69.484,10959301,62.957,,4,Janssen - Ad26.COV 2.5
Netherlands,NLD,EURO,OWID,9/19/2021 0:00,22253571,12095510,127.838,69.484,10959301,62.957,,4,Moderna - mRNA-1273
Netherlands,NLD,EURO,OWID,9/19/2021 0:00,22253571,12095510,127.838,69.484,10959301,62.957,,4,AstraZeneca - AZD1222
Netherlands,NLD,EURO,OWID,9/19/2021 0:00,22253571,12095510,127.838,69.484,10959301,62.957,,4,Pfizer BioNTech - Comirnaty
New Caledonia,NCL,WPRO,REPORTING,9/11/2021 0:00,175794,100429,61.575,35.177,75365,26.398,1/20/2021 0:00,1,Pfizer BioNTech - Comirnaty
New Zealand,NZL,WPRO,REPORTING,9/10/2021 0:00,4229686,2803535,87.712,58.138,1426151,29.574,2/19/2021 0:00,4,AstraZeneca - Vaxzevria
New Zealand,NZL,WPRO,REPORTING,9/10/2021 0:00,4229686,2803535,87.712,58.138,1426151,29.574,2/19/2021 0:00,4,Janssen - Ad26.COV 2.5
New Zealand,NZL,WPRO,REPORTING,9/10/2021 0:00,4229686,2803535,87.712,58.138,1426151,29.574,2/19/2021 0:00,4,Novavax - Covavax
New Zealand,NZL,WPRO,REPORTING,9/10/2021 0:00,4229686,2803535,87.712,58.138,1426151,29.574,2/19/2021 0:00,4,Pfizer BioNTech - Comirnaty
Nicaragua,NIC,AMRO,REPORTING,9/17/2021 0:00,769105,490472,11.61,7.404,278633,4.206,3/2/2021 0:00,3,AstraZeneca - Vaxzevria
Nicaragua,NIC,AMRO,REPORTING,9/17/2021 0:00,769105,490472,11.61,7.404,278633,4.206,3/2/2021 0:00,3,Gamaleya - Sputnik V
Nicaragua,NIC,AMRO,REPORTING,9/17/2021 0:00,769105,490472,11.61,7.404,278633,4.206,3/2/2021 0:00,3,SII - Covishield
Niger,NER,AFRO,REPORTING,9/22/2021 0:00,512294,405918,2.116,1.677,106376,0.439,3/29/2021 0:00,2,Beijing CNBG - BBIBP-CorV
Niger,NER,AFRO,REPORTING,9/22/2021 0:00,512294,405918,2.116,1.677,106376,0.439,3/29/2021 0:00,2,SII - Covishield
Nigeria,NGA,AFRO,REPORTING,9/19/2021 0:00,6186647,4415507,3.001,2.142,1771140,0.859,3/5/2021 0:00,1,SII - Covishield
Niue,NIU,WPRO,REPORTING,8/2/2021 0:00,2352,1202,145.365,74.289,1150,71.075,6/8/2021 0:00,1,Pfizer BioNTech - Comirnaty
North Macedonia,MKD,EURO,OWID,9/21/2021 0:00,1465229,774423,70.329,37.171,690806,33.158,,5,AstraZeneca - AZD1222
North Macedonia,MKD,EURO,OWID,9/21/2021 0:00,1465229,774423,70.329,37.171,690806,33.158,,5,Pfizer BioNTech - Comirnaty
North Macedonia,MKD,EURO,OWID,9/21/2021 0:00,1465229,774423,70.329,37.171,690806,33.158,,5,Beijing CNBG - Inactivated
North Macedonia,MKD,EURO,OWID,9/21/2021 0:00,1465229,774423,70.329,37.171,690806,33.158,,5,Sinovac - CoronaVac
North Macedonia,MKD,EURO,OWID,9/21/2021 0:00,1465229,774423,70.329,37.171,690806,33.158,,5,Gamaleya - Sputnik V
Northern Mariana Islands (Commonwealth of the),MNP,WPRO,REPORTING,9/10/2021 0:00,68474,35268,118.967,61.275,33978,59.034,12/19/2020 0:00,3,Janssen - Ad26.COV 2.5
Northern Mariana Islands (Commonwealth of the),MNP,WPRO,REPORTING,9/10/2021 0:00,68474,35268,118.967,61.275,33978,59.034,12/19/2020 0:00,3,Moderna - mRNA-1273
Northern Mariana Islands (Commonwealth of the),MNP,WPRO,REPORTING,9/10/2021 0:00,68474,35268,118.967,61.275,33978,59.034,12/19/2020 0:00,3,Pfizer BioNTech - Comirnaty
Norway,NOR,EURO,OWID,9/21/2021 0:00,7658562,4089598,142.682,76.191,3568964,66.491,,2,Moderna - mRNA-1273
Norway,NOR,EURO,OWID,9/21/2021 0:00,7658562,4089598,142.682,76.191,3568964,66.491,,2,Pfizer BioNTech - Comirnaty
occupied Palestinian territory,PSE,EMRO,REPORTING,9/6/2021 0:00,1206277,741385,23.646,14.533,464892,9.113,2/2/2021 0:00,7,AstraZeneca - Vaxzevria
occupied Palestinian territory,PSE,EMRO,REPORTING,9/6/2021 0:00,1206277,741385,23.646,14.533,464892,9.113,2/2/2021 0:00,7,Beijing CNBG - BBIBP-CorV
occupied Palestinian territory,PSE,EMRO,REPORTING,9/6/2021 0:00,1206277,741385,23.646,14.533,464892,9.113,2/2/2021 0:00,7,Gamaleya - Sputnik V
occupied Palestinian territory,PSE,EMRO,REPORTING,9/6/2021 0:00,1206277,741385,23.646,14.533,464892,9.113,2/2/2021 0:00,7,Janssen - Ad26.COV 2.5
occupied Palestinian territory,PSE,EMRO,REPORTING,9/6/2021 0:00,1206277,741385,23.646,14.533,464892,9.113,2/2/2021 0:00,7,Moderna - mRNA-1273
occupied Palestinian territory,PSE,EMRO,REPORTING,9/6/2021 0:00,1206277,741385,23.646,14.533,464892,9.113,2/2/2021 0:00,7,Pfizer BioNTech - Comirnaty
occupied Palestinian territory,PSE,EMRO,REPORTING,9/6/2021 0:00,1206277,741385,23.646,14.533,464892,9.113,2/2/2021 0:00,7,Sinovac - CoronaVac
Oman,OMN,EMRO,REPORTING,9/20/2021 0:00,4636486,2810262,90.794,55.032,1826224,35.762,12/29/2020 0:00,5,AstraZeneca - Vaxzevria
Oman,OMN,EMRO,REPORTING,9/20/2021 0:00,4636486,2810262,90.794,55.032,1826224,35.762,12/29/2020 0:00,5,Gamaleya - Sputnik V
Oman,OMN,EMRO,REPORTING,9/20/2021 0:00,4636486,2810262,90.794,55.032,1826224,35.762,12/29/2020 0:00,5,Pfizer BioNTech - Comirnaty
Oman,OMN,EMRO,REPORTING,9/20/2021 0:00,4636486,2810262,90.794,55.032,1826224,35.762,12/29/2020 0:00,5,SII - Covishield
Oman,OMN,EMRO,REPORTING,9/20/2021 0:00,4636486,2810262,90.794,55.032,1826224,35.762,12/29/2020 0:00,5,Sinovac - CoronaVac
Palau,PLW,WPRO,REPORTING,9/14/2021 0:00,29734,17177,164.349,94.943,14854,82.103,1/3/2021 0:00,3,Janssen - Ad26.COV 2.5
Palau,PLW,WPRO,REPORTING,9/14/2021 0:00,29734,17177,164.349,94.943,14854,82.103,1/3/2021 0:00,3,Moderna - mRNA-1273
Palau,PLW,WPRO,REPORTING,9/14/2021 0:00,29734,17177,164.349,94.943,14854,82.103,1/3/2021 0:00,3,Pfizer BioNTech - Comirnaty
Panama,PAN,AMRO,REPORTING,9/17/2021 0:00,5252959,2907280,121.744,67.38,2345679,54.364,1/20/2021 0:00,2,AstraZeneca - Vaxzevria
Panama,PAN,AMRO,REPORTING,9/17/2021 0:00,5252959,2907280,121.744,67.38,2345679,54.364,1/20/2021 0:00,2,Pfizer BioNTech - Comirnaty
Papua New Guinea,PNG,WPRO,REPORTING,9/13/2021 0:00,164776,119996,1.842,1.341,45074,0.504,3/30/2021 0:00,4,AstraZeneca - Vaxzevria
Papua New Guinea,PNG,WPRO,REPORTING,9/13/2021 0:00,164776,119996,1.842,1.341,45074,0.504,3/30/2021 0:00,4,Beijing CNBG - BBIBP-CorV
Papua New Guinea,PNG,WPRO,REPORTING,9/13/2021 0:00,164776,119996,1.842,1.341,45074,0.504,3/30/2021 0:00,4,Janssen - Ad26.COV 2.5
Papua New Guinea,PNG,WPRO,REPORTING,9/13/2021 0:00,164776,119996,1.842,1.341,45074,0.504,3/30/2021 0:00,4,SII - Covishield
Paraguay,PRY,AMRO,REPORTING,9/17/2021 0:00,4401222,2550991,61.706,35.766,1850231,25.941,2/22/2021 0:00,7,AstraZeneca - Vaxzevria
Paraguay,PRY,AMRO,REPORTING,9/17/2021 0:00,4401222,2550991,61.706,35.766,1850231,25.941,2/22/2021 0:00,7,Beijing CNBG - BBIBP-CorV
Paraguay,PRY,AMRO,REPORTING,9/17/2021 0:00,4401222,2550991,61.706,35.766,1850231,25.941,2/22/2021 0:00,7,Bharat - Covaxin
Paraguay,PRY,AMRO,REPORTING,9/17/2021 0:00,4401222,2550991,61.706,35.766,1850231,25.941,2/22/2021 0:00,7,Gamaleya - Sputnik V
Paraguay,PRY,AMRO,REPORTING,9/17/2021 0:00,4401222,2550991,61.706,35.766,1850231,25.941,2/22/2021 0:00,7,Moderna - mRNA-1273
Paraguay,PRY,AMRO,REPORTING,9/17/2021 0:00,4401222,2550991,61.706,35.766,1850231,25.941,2/22/2021 0:00,7,Pfizer BioNTech - Comirnaty
Paraguay,PRY,AMRO,REPORTING,9/17/2021 0:00,4401222,2550991,61.706,35.766,1850231,25.941,2/22/2021 0:00,7,Sinovac - CoronaVac
Peru,PER,AMRO,REPORTING,9/17/2021 0:00,22778732,13611549,69.085,41.282,9167183,27.803,2/9/2021 0:00,4,AstraZeneca - Vaxzevria
Peru,PER,AMRO,REPORTING,9/17/2021 0:00,22778732,13611549,69.085,41.282,9167183,27.803,2/9/2021 0:00,4,Beijing CNBG - BBIBP-CorV
Peru,PER,AMRO,REPORTING,9/17/2021 0:00,22778732,13611549,69.085,41.282,9167183,27.803,2/9/2021 0:00,4,Pfizer BioNTech - Comirnaty
Peru,PER,AMRO,REPORTING,9/17/2021 0:00,22778732,13611549,69.085,41.282,9167183,27.803,2/9/2021 0:00,4,Wuhan CNBG - Inactivated
Pitcairn Islands,PCN,WPRO,REPORTING,7/22/2021 0:00,73,37,146,74,36,72,5/17/2021 0:00,1,AstraZeneca - Vaxzevria
Poland,POL,EURO,OWID,9/21/2021 0:00,37007048,19675679,97.494,51.835,19278324,50.788,,4,Janssen - Ad26.COV 2.5
Poland,POL,EURO,OWID,9/21/2021 0:00,37007048,19675679,97.494,51.835,19278324,50.788,,4,Moderna - mRNA-1273
Poland,POL,EURO,OWID,9/21/2021 0:00,37007048,19675679,97.494,51.835,19278324,50.788,,4,AstraZeneca - AZD1222
Poland,POL,EURO,OWID,9/21/2021 0:00,37007048,19675679,97.494,51.835,19278324,50.788,,4,Pfizer BioNTech - Comirnaty
Portugal,PRT,EURO,OWID,9/21/2021 0:00,15843836,8899821,153.885,86.44,8560589,83.146,,4,Janssen - Ad26.COV 2.5
Portugal,PRT,EURO,OWID,9/21/2021 0:00,15843836,8899821,153.885,86.44,8560589,83.146,,4,Moderna - mRNA-1273
Portugal,PRT,EURO,OWID,9/21/2021 0:00,15843836,8899821,153.885,86.44,8560589,83.146,,4,AstraZeneca - AZD1222
Portugal,PRT,EURO,OWID,9/21/2021 0:00,15843836,8899821,153.885,86.44,8560589,83.146,,4,Pfizer BioNTech - Comirnaty
Puerto Rico,PRI,AMRO,REPORTING,9/17/2021 0:00,4508079,2483873,157.578,86.823,2153540,75.276,,3,Janssen - Ad26.COV 2.5
Puerto Rico,PRI,AMRO,REPORTING,9/17/2021 0:00,4508079,2483873,157.578,86.823,2153540,75.276,,3,Moderna - mRNA-1273
Puerto Rico,PRI,AMRO,REPORTING,9/17/2021 0:00,4508079,2483873,157.578,86.823,2153540,75.276,,3,Pfizer BioNTech - Comirnaty
Qatar,QAT,EMRO,REPORTING,9/21/2021 0:00,4671615,2134729,162.15,74.095,1816789,63.06,12/23/2020 0:00,4,AstraZeneca - Vaxzevria
Qatar,QAT,EMRO,REPORTING,9/21/2021 0:00,4671615,2134729,162.15,74.095,1816789,63.06,12/23/2020 0:00,4,Janssen - Ad26.COV 2.5
Qatar,QAT,EMRO,REPORTING,9/21/2021 0:00,4671615,2134729,162.15,74.095,1816789,63.06,12/23/2020 0:00,4,Moderna - mRNA-1273
Qatar,QAT,EMRO,REPORTING,9/21/2021 0:00,4671615,2134729,162.15,74.095,1816789,63.06,12/23/2020 0:00,4,Pfizer BioNTech - Comirnaty
Republic of Korea,KOR,WPRO,REPORTING,9/13/2021 0:00,51832703,33130333,101.099,64.62,20036176,39.08,2/26/2021 0:00,5,AstraZeneca - Vaxzevria
Republic of Korea,KOR,WPRO,REPORTING,9/13/2021 0:00,51832703,33130333,101.099,64.62,20036176,39.08,2/26/2021 0:00,5,Janssen - Ad26.COV 2.5
Republic of Korea,KOR,WPRO,REPORTING,9/13/2021 0:00,51832703,33130333,101.099,64.62,20036176,39.08,2/26/2021 0:00,5,Moderna - mRNA-1273
Republic of Korea,KOR,WPRO,REPORTING,9/13/2021 0:00,51832703,33130333,101.099,64.62,20036176,39.08,2/26/2021 0:00,5,Novavax - Covavax
Republic of Korea,KOR,WPRO,REPORTING,9/13/2021 0:00,51832703,33130333,101.099,64.62,20036176,39.08,2/26/2021 0:00,5,Pfizer BioNTech - Comirnaty
Republic of Moldova,MDA,EURO,OWID,9/21/2021 0:00,1372335,,34.02,,762106,18.892,,5,Janssen - Ad26.COV 2.5
Republic of Moldova,MDA,EURO,OWID,9/21/2021 0:00,1372335,,34.02,,762106,18.892,,5,AstraZeneca - AZD1222
Republic of Moldova,MDA,EURO,OWID,9/21/2021 0:00,1372335,,34.02,,762106,18.892,,5,Pfizer BioNTech - Comirnaty
Republic of Moldova,MDA,EURO,OWID,9/21/2021 0:00,1372335,,34.02,,762106,18.892,,5,Beijing CNBG - Inactivated
Republic of Moldova,MDA,EURO,OWID,9/21/2021 0:00,1372335,,34.02,,762106,18.892,,5,Gamaleya - Sputnik V
Romania,ROU,EURO,OWID,9/21/2021 0:00,9971012,5392754,51.586,27.9,5275397,27.293,,4,Janssen - Ad26.COV 2.5
Romania,ROU,EURO,OWID,9/21/2021 0:00,9971012,5392754,51.586,27.9,5275397,27.293,,4,Moderna - mRNA-1273
Romania,ROU,EURO,OWID,9/21/2021 0:00,9971012,5392754,51.586,27.9,5275397,27.293,,4,AstraZeneca - AZD1222
Romania,ROU,EURO,OWID,9/21/2021 0:00,9971012,5392754,51.586,27.9,5275397,27.293,,4,Pfizer BioNTech - Comirnaty
Russian Federation,RUS,EURO,OWID,9/21/2021 0:00,88138610,47092891,60.396,32.27,41045719,28.126,,2,SRCVB - EpiVacCorona
Russian Federation,RUS,EURO,OWID,9/21/2021 0:00,88138610,47092891,60.396,32.27,41045719,28.126,,2,Gamaleya - Sputnik V
Rwanda,RWA,AFRO,REPORTING,9/19/2021 0:00,3340448,1897593,25.791,14.651,1416794,10.939,2/14/2021 0:00,3,Moderna - mRNA-1273
Rwanda,RWA,AFRO,REPORTING,9/19/2021 0:00,3340448,1897593,25.791,14.651,1416794,10.939,2/14/2021 0:00,3,Pfizer BioNTech - Comirnaty
Rwanda,RWA,AFRO,REPORTING,9/19/2021 0:00,3340448,1897593,25.791,14.651,1416794,10.939,2/14/2021 0:00,3,SII - Covishield
Saint Helena,SHN,AFRO,OWID,5/5/2021 0:00,7892,4361,129.995,71.833,3531,58.162,,1,AstraZeneca - AZD1222
Saint Kitts and Nevis,KNA,AMRO,REPORTING,9/17/2021 0:00,46884,24968,88.141,46.939,21916,41.202,2/22/2021 0:00,3,AstraZeneca - Vaxzevria
Saint Kitts and Nevis,KNA,AMRO,REPORTING,9/17/2021 0:00,46884,24968,88.141,46.939,21916,41.202,2/22/2021 0:00,3,Pfizer BioNTech - Comirnaty
Saint Kitts and Nevis,KNA,AMRO,REPORTING,9/17/2021 0:00,46884,24968,88.141,46.939,21916,41.202,2/22/2021 0:00,3,SII - Covishield
Saint Lucia,LCA,AMRO,REPORTING,9/17/2021 0:00,71517,42594,38.947,23.196,28923,15.751,2/17/2021 0:00,3,AstraZeneca - Vaxzevria
Saint Lucia,LCA,AMRO,REPORTING,9/17/2021 0:00,71517,42594,38.947,23.196,28923,15.751,2/17/2021 0:00,3,Pfizer BioNTech - Comirnaty
Saint Lucia,LCA,AMRO,REPORTING,9/17/2021 0:00,71517,42594,38.947,23.196,28923,15.751,2/17/2021 0:00,3,SII - Covishield
Saint Vincent and the Grenadines,VCT,AMRO,REPORTING,9/17/2021 0:00,32626,19722,29.409,17.777,12904,11.632,2/1/2021 0:00,4,AstraZeneca - Vaxzevria
Saint Vincent and the Grenadines,VCT,AMRO,REPORTING,9/17/2021 0:00,32626,19722,29.409,17.777,12904,11.632,2/1/2021 0:00,4,Gamaleya - Sputnik V
Saint Vincent and the Grenadines,VCT,AMRO,REPORTING,9/17/2021 0:00,32626,19722,29.409,17.777,12904,11.632,2/1/2021 0:00,4,Pfizer BioNTech - Comirnaty
Saint Vincent and the Grenadines,VCT,AMRO,REPORTING,9/17/2021 0:00,32626,19722,29.409,17.777,12904,11.632,2/1/2021 0:00,4,SII - Covishield
Samoa,WSM,WPRO,REPORTING,9/10/2021 0:00,142216,96865,71.676,48.82,45351,22.857,4/18/2021 0:00,1,AstraZeneca - Vaxzevria
San Marino,SMR,EURO,OWID,9/21/2021 0:00,47082,24421,138.729,71.958,24421,71.958,,2,Pfizer BioNTech - Comirnaty
San Marino,SMR,EURO,OWID,9/21/2021 0:00,47082,24421,138.729,71.958,24421,71.958,,2,Gamaleya - Sputnik V
Sao Tome and Principe,STP,AFRO,REPORTING,9/21/2021 0:00,73223,55036,33.411,25.112,18187,8.299,3/15/2021 0:00,2,AstraZeneca - Vaxzevria
Sao Tome and Principe,STP,AFRO,REPORTING,9/21/2021 0:00,73223,55036,33.411,25.112,18187,8.299,3/15/2021 0:00,2,SII - Covishield
Saudi Arabia,SAU,EMRO,REPORTING,9/22/2021 0:00,41229583,23174207,118.429,66.566,18055376,51.863,1/6/2021 0:00,4,AstraZeneca - Vaxzevria
Saudi Arabia,SAU,EMRO,REPORTING,9/22/2021 0:00,41229583,23174207,118.429,66.566,18055376,51.863,1/6/2021 0:00,4,Janssen - Ad26.COV 2.5
Saudi Arabia,SAU,EMRO,REPORTING,9/22/2021 0:00,41229583,23174207,118.429,66.566,18055376,51.863,1/6/2021 0:00,4,Moderna - mRNA-1273
Saudi Arabia,SAU,EMRO,REPORTING,9/22/2021 0:00,41229583,23174207,118.429,66.566,18055376,51.863,1/6/2021 0:00,4,Pfizer BioNTech - Comirnaty
Senegal,SEN,AFRO,REPORTING,9/23/2021 0:00,1747662,1232940,10.438,7.364,815713,4.872,2/23/2021 0:00,2,Beijing CNBG - BBIBP-CorV
Senegal,SEN,AFRO,REPORTING,9/23/2021 0:00,1747662,1232940,10.438,7.364,815713,4.872,2/23/2021 0:00,2,SII - Covishield
Serbia,SRB,EURO,OWID,9/21/2021 0:00,6332498,3006623,91.422,43.406,2869773,41.431,,4,AstraZeneca - AZD1222
Serbia,SRB,EURO,OWID,9/21/2021 0:00,6332498,3006623,91.422,43.406,2869773,41.431,,4,Pfizer BioNTech - Comirnaty
Serbia,SRB,EURO,OWID,9/21/2021 0:00,6332498,3006623,91.422,43.406,2869773,41.431,,4,Beijing CNBG - Inactivated
Serbia,SRB,EURO,OWID,9/21/2021 0:00,6332498,3006623,91.422,43.406,2869773,41.431,,4,Gamaleya - Sputnik V
Seychelles,SYC,AFRO,REPORTING,9/16/2021 0:00,148402,77311,150.896,78.61,71091,72.286,1/10/2021 0:00,2,Beijing CNBG - BBIBP-CorV
Seychelles,SYC,AFRO,REPORTING,9/16/2021 0:00,148402,77311,150.896,78.61,71091,72.286,1/10/2021 0:00,2,SII - Covishield
Sierra Leone,SLE,AFRO,REPORTING,9/13/2021 0:00,221110,181065,2.772,2.27,40045,0.502,3/15/2021 0:00,2,Beijing CNBG - BBIBP-CorV
Sierra Leone,SLE,AFRO,REPORTING,9/13/2021 0:00,221110,181065,2.772,2.27,40045,0.502,3/15/2021 0:00,2,SII - Covishield
Singapore,SGP,WPRO,REPORTING,9/10/2021 0:00,8846497,4551854,151.213,77.805,4411550,75.407,12/30/2020 0:00,3,AstraZeneca - Vaxzevria
Singapore,SGP,WPRO,REPORTING,9/10/2021 0:00,8846497,4551854,151.213,77.805,4411550,75.407,12/30/2020 0:00,3,Moderna - mRNA-1273
Singapore,SGP,WPRO,REPORTING,9/10/2021 0:00,8846497,4551854,151.213,77.805,4411550,75.407,12/30/2020 0:00,3,Pfizer BioNTech - Comirnaty
Sint Maarten,SXM,AMRO,REPORTING,9/17/2021 0:00,49159,25672,114.638,59.867,23487,54.771,2/22/2021 0:00,3,AstraZeneca - Vaxzevria
Sint Maarten,SXM,AMRO,REPORTING,9/17/2021 0:00,49159,25672,114.638,59.867,23487,54.771,2/22/2021 0:00,3,Moderna - mRNA-1273
Sint Maarten,SXM,AMRO,REPORTING,9/17/2021 0:00,49159,25672,114.638,59.867,23487,54.771,2/22/2021 0:00,3,Pfizer BioNTech - Comirnaty
Slovakia,SVK,EURO,OWID,9/21/2021 0:00,4660405,2426450,85.389,44.458,2233955,40.931,,3,Moderna - mRNA-1273
Slovakia,SVK,EURO,OWID,9/21/2021 0:00,4660405,2426450,85.389,44.458,2233955,40.931,,3,AstraZeneca - AZD1222
Slovakia,SVK,EURO,OWID,9/21/2021 0:00,4660405,2426450,85.389,44.458,2233955,40.931,,3,Pfizer BioNTech - Comirnaty
Slovenia,SVN,EURO,OWID,9/21/2021 0:00,2071489,1098450,98.837,52.41,973039,46.427,,2,AstraZeneca - AZD1222
Slovenia,SVN,EURO,OWID,9/21/2021 0:00,2071489,1098450,98.837,52.41,973039,46.427,,2,Pfizer BioNTech - Comirnaty
Solomon Islands,SLB,WPRO,REPORTING,9/10/2021 0:00,97744,74573,14.23,10.857,23171,3.373,3/23/2021 0:00,3,AstraZeneca - Vaxzevria
Solomon Islands,SLB,WPRO,REPORTING,9/10/2021 0:00,97744,74573,14.23,10.857,23171,3.373,3/23/2021 0:00,3,Beijing CNBG - BBIBP-CorV
Solomon Islands,SLB,WPRO,REPORTING,9/10/2021 0:00,97744,74573,14.23,10.857,23171,3.373,3/23/2021 0:00,3,SII - Covishield
Somalia,SOM,EMRO,REPORTING,9/22/2021 0:00,419419,246104,2.639,1.548,173315,1.09,3/16/2021 0:00,4,Beijing CNBG - BBIBP-CorV
Somalia,SOM,EMRO,REPORTING,9/22/2021 0:00,419419,246104,2.639,1.548,173315,1.09,3/16/2021 0:00,4,Janssen - Ad26.COV 2.5
Somalia,SOM,EMRO,REPORTING,9/22/2021 0:00,419419,246104,2.639,1.548,173315,1.09,3/16/2021 0:00,4,SII - Covishield
Somalia,SOM,EMRO,REPORTING,9/22/2021 0:00,419419,246104,2.639,1.548,173315,1.09,3/16/2021 0:00,4,Sinovac - CoronaVac
South Africa,ZAF,AFRO,REPORTING,9/21/2021 0:00,15970308,8073654,26.927,13.613,7896654,13.314,2/17/2021 0:00,1,Janssen - Ad26.COV 2.5
South Sudan,SSD,AFRO,REPORTING,9/22/2021 0:00,100621,72173,0.899,0.645,28448,0.254,4/6/2021 0:00,1,SII - Covishield
Spain,ESP,EURO,OWID,9/21/2021 0:00,69549078,37508658,146.937,79.245,36184677,76.448,,4,Janssen - Ad26.COV 2.5
Spain,ESP,EURO,OWID,9/21/2021 0:00,69549078,37508658,146.937,79.245,36184677,76.448,,4,Moderna - mRNA-1273
Spain,ESP,EURO,OWID,9/21/2021 0:00,69549078,37508658,146.937,79.245,36184677,76.448,,4,AstraZeneca - AZD1222
Spain,ESP,EURO,OWID,9/21/2021 0:00,69549078,37508658,146.937,79.245,36184677,76.448,,4,Pfizer BioNTech - Comirnaty
Sri Lanka,LKA,SEARO,REPORTING,9/21/2021 0:00,25110877,13906987,117.268,64.946,11203890,52.322,1/29/2021 0:00,6,AstraZeneca - Vaxzevria
Sri Lanka,LKA,SEARO,REPORTING,9/21/2021 0:00,25110877,13906987,117.268,64.946,11203890,52.322,1/29/2021 0:00,6,Beijing CNBG - BBIBP-CorV
Sri Lanka,LKA,SEARO,REPORTING,9/21/2021 0:00,25110877,13906987,117.268,64.946,11203890,52.322,1/29/2021 0:00,6,Gamaleya - Sputnik V
Sri Lanka,LKA,SEARO,REPORTING,9/21/2021 0:00,25110877,13906987,117.268,64.946,11203890,52.322,1/29/2021 0:00,6,Moderna - mRNA-1273
Sri Lanka,LKA,SEARO,REPORTING,9/21/2021 0:00,25110877,13906987,117.268,64.946,11203890,52.322,1/29/2021 0:00,6,Pfizer BioNTech - Comirnaty
Sri Lanka,LKA,SEARO,REPORTING,9/21/2021 0:00,25110877,13906987,117.268,64.946,11203890,52.322,1/29/2021 0:00,6,SII - Covishield
Sudan,SDN,EMRO,REPORTING,9/19/2021 0:00,1499982,649062,3.421,1.48,581846,1.327,3/9/2021 0:00,5,Beijing CNBG - BBIBP-CorV
Sudan,SDN,EMRO,REPORTING,9/19/2021 0:00,1499982,649062,3.421,1.48,581846,1.327,3/9/2021 0:00,5,Janssen - Ad26.COV 2.5
Sudan,SDN,EMRO,REPORTING,9/19/2021 0:00,1499982,649062,3.421,1.48,581846,1.327,3/9/2021 0:00,5,Pfizer BioNTech - Comirnaty
Sudan,SDN,EMRO,REPORTING,9/19/2021 0:00,1499982,649062,3.421,1.48,581846,1.327,3/9/2021 0:00,5,SII - Covishield
Sudan,SDN,EMRO,REPORTING,9/19/2021 0:00,1499982,649062,3.421,1.48,581846,1.327,3/9/2021 0:00,5,Sinovac - CoronaVac
Suriname,SUR,AMRO,REPORTING,9/17/2021 0:00,374184,215679,63.785,36.766,158505,27.019,2/23/2021 0:00,5,AstraZeneca - Vaxzevria
Suriname,SUR,AMRO,REPORTING,9/17/2021 0:00,374184,215679,63.785,36.766,158505,27.019,2/23/2021 0:00,5,Beijing CNBG - BBIBP-CorV
Suriname,SUR,AMRO,REPORTING,9/17/2021 0:00,374184,215679,63.785,36.766,158505,27.019,2/23/2021 0:00,5,Moderna - mRNA-1273
Suriname,SUR,AMRO,REPORTING,9/17/2021 0:00,374184,215679,63.785,36.766,158505,27.019,2/23/2021 0:00,5,Pfizer BioNTech - Comirnaty
Suriname,SUR,AMRO,REPORTING,9/17/2021 0:00,374184,215679,63.785,36.766,158505,27.019,2/23/2021 0:00,5,SII - Covishield
Sweden,SWE,EURO,OWID,9/21/2021 0:00,13492198,7094601,130.642,68.696,6396156,61.933,,3,Moderna - mRNA-1273
Sweden,SWE,EURO,OWID,9/21/2021 0:00,13492198,7094601,130.642,68.696,6396156,61.933,,3,AstraZeneca - AZD1222
Sweden,SWE,EURO,OWID,9/21/2021 0:00,13492198,7094601,130.642,68.696,6396156,61.933,,3,Pfizer BioNTech - Comirnaty
Switzerland,CHE,EURO,OWID,9/21/2021 0:00,10190410,5357746,117.745,61.906,4635506,53.561,,2,Moderna - mRNA-1273
Switzerland,CHE,EURO,OWID,9/21/2021 0:00,10190410,5357746,117.745,61.906,4635506,53.561,,2,Pfizer BioNTech - Comirnaty
Syrian Arab Republic,SYR,EMRO,REPORTING,9/13/2021 0:00,533949,285087,3.051,1.629,248862,1.422,4/1/2021 0:00,5,Beijing CNBG - BBIBP-CorV
Syrian Arab Republic,SYR,EMRO,REPORTING,9/13/2021 0:00,533949,285087,3.051,1.629,248862,1.422,4/1/2021 0:00,5,Gamaleya - Sputnik V
Syrian Arab Republic,SYR,EMRO,REPORTING,9/13/2021 0:00,533949,285087,3.051,1.629,248862,1.422,4/1/2021 0:00,5,Janssen - Ad26.COV 2.5
Syrian Arab Republic,SYR,EMRO,REPORTING,9/13/2021 0:00,533949,285087,3.051,1.629,248862,1.422,4/1/2021 0:00,5,SII - Covishield
Syrian Arab Republic,SYR,EMRO,REPORTING,9/13/2021 0:00,533949,285087,3.051,1.629,248862,1.422,4/1/2021 0:00,5,Sinovac - CoronaVac
Tajikistan,TJK,EURO,OWID,9/20/2021 0:00,3872421,2307140,40.601,24.19,1565281,16.412,,3,Moderna - mRNA-1273
Tajikistan,TJK,EURO,OWID,9/20/2021 0:00,3872421,2307140,40.601,24.19,1565281,16.412,,3,AstraZeneca - AZD1222
Tajikistan,TJK,EURO,OWID,9/20/2021 0:00,3872421,2307140,40.601,24.19,1565281,16.412,,3,Sinovac - CoronaVac
Thailand,THA,SEARO,REPORTING,9/19/2021 0:00,43864450,28893133,62.843,41.394,14971317,21.449,2/28/2021 0:00,7,AstraZeneca - Vaxzevria
Thailand,THA,SEARO,REPORTING,9/19/2021 0:00,43864450,28893133,62.843,41.394,14971317,21.449,2/28/2021 0:00,7,Beijing CNBG - BBIBP-CorV
Thailand,THA,SEARO,REPORTING,9/19/2021 0:00,43864450,28893133,62.843,41.394,14971317,21.449,2/28/2021 0:00,7,Janssen - Ad26.COV 2.5
Thailand,THA,SEARO,REPORTING,9/19/2021 0:00,43864450,28893133,62.843,41.394,14971317,21.449,2/28/2021 0:00,7,Moderna - mRNA-1273
Thailand,THA,SEARO,REPORTING,9/19/2021 0:00,43864450,28893133,62.843,41.394,14971317,21.449,2/28/2021 0:00,7,Pfizer BioNTech - Comirnaty
Thailand,THA,SEARO,REPORTING,9/19/2021 0:00,43864450,28893133,62.843,41.394,14971317,21.449,2/28/2021 0:00,7,SII - Covishield
Thailand,THA,SEARO,REPORTING,9/19/2021 0:00,43864450,28893133,62.843,41.394,14971317,21.449,2/28/2021 0:00,7,Sinovac - CoronaVac
The United Kingdom,GBR,EURO,REPORTING,9/21/2021 0:00,93059140,48593019,137.1,71.397,44352641,65.334,12/21/2020 0:00,3,AstraZeneca - Vaxzevria
The United Kingdom,GBR,EURO,REPORTING,9/21/2021 0:00,93059140,48593019,137.1,71.397,44352641,65.334,12/21/2020 0:00,3,Moderna - mRNA-1273
The United Kingdom,GBR,EURO,REPORTING,9/21/2021 0:00,93059140,48593019,137.1,71.397,44352641,65.334,12/21/2020 0:00,3,Pfizer BioNTech - Comirnaty
Timor-Leste,TLS,SEARO,REPORTING,9/21/2021 0:00,675891,424568,51.264,32.202,251323,19.062,4/7/2021 0:00,3,AstraZeneca - Vaxzevria
Timor-Leste,TLS,SEARO,REPORTING,9/21/2021 0:00,675891,424568,51.264,32.202,251323,19.062,4/7/2021 0:00,3,SII - Covishield
Timor-Leste,TLS,SEARO,REPORTING,9/21/2021 0:00,675891,424568,51.264,32.202,251323,19.062,4/7/2021 0:00,3,Sinovac - CoronaVac
Togo,TGO,AFRO,REPORTING,9/17/2021 0:00,832822,445041,10.06,5.376,387781,4.684,3/10/2021 0:00,1,SII - Covishield
Tokelau,TKL,WPRO,REPORTING,8/3/2021 0:00,968,968,71.704,71.704,,,7/20/2021 0:00,1,Pfizer BioNTech - Comirnaty
Tonga,TON,WPRO,REPORTING,9/13/2021 0:00,73603,46126,69.637,43.641,27477,25.996,4/14/2021 0:00,1,AstraZeneca - Vaxzevria
Trinidad and Tobago,TTO,AMRO,REPORTING,9/17/2021 0:00,1009873,564871,72.16,40.363,456483,32.618,2/17/2021 0:00,5,AstraZeneca - Vaxzevria
Trinidad and Tobago,TTO,AMRO,REPORTING,9/17/2021 0:00,1009873,564871,72.16,40.363,456483,32.618,2/17/2021 0:00,5,Beijing CNBG - BBIBP-CorV
Trinidad and Tobago,TTO,AMRO,REPORTING,9/17/2021 0:00,1009873,564871,72.16,40.363,456483,32.618,2/17/2021 0:00,5,Janssen - Ad26.COV 2.5
Trinidad and Tobago,TTO,AMRO,REPORTING,9/17/2021 0:00,1009873,564871,72.16,40.363,456483,32.618,2/17/2021 0:00,5,Pfizer BioNTech - Comirnaty
Trinidad and Tobago,TTO,AMRO,REPORTING,9/17/2021 0:00,1009873,564871,72.16,40.363,456483,32.618,2/17/2021 0:00,5,SII - Covishield
Tunisia,TUN,EMRO,REPORTING,9/18/2021 0:00,7132375,4656510,60.349,39.4,3209273,27.154,3/13/2021 0:00,7,AstraZeneca - Vaxzevria
Tunisia,TUN,EMRO,REPORTING,9/18/2021 0:00,7132375,4656510,60.349,39.4,3209273,27.154,3/13/2021 0:00,7,Beijing CNBG - BBIBP-CorV
Tunisia,TUN,EMRO,REPORTING,9/18/2021 0:00,7132375,4656510,60.349,39.4,3209273,27.154,3/13/2021 0:00,7,Gamaleya - Sputnik V
Tunisia,TUN,EMRO,REPORTING,9/18/2021 0:00,7132375,4656510,60.349,39.4,3209273,27.154,3/13/2021 0:00,7,Janssen - Ad26.COV 2.5
Tunisia,TUN,EMRO,REPORTING,9/18/2021 0:00,7132375,4656510,60.349,39.4,3209273,27.154,3/13/2021 0:00,7,Moderna - mRNA-1273
Tunisia,TUN,EMRO,REPORTING,9/18/2021 0:00,7132375,4656510,60.349,39.4,3209273,27.154,3/13/2021 0:00,7,Pfizer BioNTech - Comirnaty
Tunisia,TUN,EMRO,REPORTING,9/18/2021 0:00,7132375,4656510,60.349,39.4,3209273,27.154,3/13/2021 0:00,7,Sinovac - CoronaVac
Turkey,TUR,EURO,OWID,9/21/2021 0:00,106066262,52956452,125.762,62.79,42536503,50.435,,2,Pfizer BioNTech - Comirnaty
Turkey,TUR,EURO,OWID,9/21/2021 0:00,106066262,52956452,125.762,62.79,42536503,50.435,,2,Sinovac - CoronaVac
Turkmenistan,TKM,EURO,OWID,4/4/2021 0:00,41993,32240,0.696,0.535,9753,0.162,,4,SRCVB - EpiVacCorona
Turkmenistan,TKM,EURO,OWID,4/4/2021 0:00,41993,32240,0.696,0.535,9753,0.162,,4,AstraZeneca - AZD1222
Turkmenistan,TKM,EURO,OWID,4/4/2021 0:00,41993,32240,0.696,0.535,9753,0.162,,4,Beijing CNBG - Inactivated
Turkmenistan,TKM,EURO,OWID,4/4/2021 0:00,41993,32240,0.696,0.535,9753,0.162,,4,Gamaleya - Sputnik V
Turks and Caicos Islands,TCA,AMRO,REPORTING,9/17/2021 0:00,52374,27446,135.27,70.887,24928,64.383,1/11/2021 0:00,1,Pfizer BioNTech - Comirnaty
Tuvalu,TUV,WPRO,REPORTING,9/10/2021 0:00,10861,6209,92.105,52.654,4652,39.45,4/13/2021 0:00,1,AstraZeneca - Vaxzevria
Uganda,UGA,AFRO,REPORTING,9/17/2021 0:00,1643067,1227581,3.592,2.684,415486,0.908,3/10/2021 0:00,1,SII - Covishield
Ukraine,UKR,EURO,OWID,9/21/2021 0:00,11681589,6435425,26.711,14.715,5246164,11.996,,4,Moderna - mRNA-1273
Ukraine,UKR,EURO,OWID,9/21/2021 0:00,11681589,6435425,26.711,14.715,5246164,11.996,,4,AstraZeneca - AZD1222
Ukraine,UKR,EURO,OWID,9/21/2021 0:00,11681589,6435425,26.711,14.715,5246164,11.996,,4,Pfizer BioNTech - Comirnaty
Ukraine,UKR,EURO,OWID,9/21/2021 0:00,11681589,6435425,26.711,14.715,5246164,11.996,,4,Sinovac - CoronaVac
United Arab Emirates,ARE,EMRO,REPORTING,9/22/2021 0:00,19653364,,198.711,,,,12/14/2020 0:00,5,AstraZeneca - Vaxzevria
United Arab Emirates,ARE,EMRO,REPORTING,9/22/2021 0:00,19653364,,198.711,,,,12/14/2020 0:00,5,Beijing CNBG - BBIBP-CorV
United Arab Emirates,ARE,EMRO,REPORTING,9/22/2021 0:00,19653364,,198.711,,,,12/14/2020 0:00,5,Gamaleya - Sputnik V
United Arab Emirates,ARE,EMRO,REPORTING,9/22/2021 0:00,19653364,,198.711,,,,12/14/2020 0:00,5,Pfizer BioNTech - Comirnaty
United Arab Emirates,ARE,EMRO,REPORTING,9/22/2021 0:00,19653364,,198.711,,,,12/14/2020 0:00,5,SII - Covishield
United Republic of Tanzania,TZA,AFRO,REPORTING,9/16/2021 0:00,389807,0,0.653,0,354807,0.594,,1,Janssen - Ad26.COV 2.5
United States of America,USA,AMRO,REPORTING,9/17/2021 0:00,388936652,221241577,117.503,66.84,182628424,55.174,12/14/2020 0:00,3,Janssen - Ad26.COV 2.5
United States of America,USA,AMRO,REPORTING,9/17/2021 0:00,388936652,221241577,117.503,66.84,182628424,55.174,12/14/2020 0:00,3,Moderna - mRNA-1273
United States of America,USA,AMRO,REPORTING,9/17/2021 0:00,388936652,221241577,117.503,66.84,182628424,55.174,12/14/2020 0:00,3,Pfizer BioNTech - Comirnaty
Uruguay,URY,AMRO,REPORTING,9/17/2021 0:00,5983253,2714224,172.243,78.136,2555614,73.57,2/27/2021 0:00,3,AstraZeneca - Vaxzevria
Uruguay,URY,AMRO,REPORTING,9/17/2021 0:00,5983253,2714224,172.243,78.136,2555614,73.57,2/27/2021 0:00,3,Pfizer BioNTech - Comirnaty
Uruguay,URY,AMRO,REPORTING,9/17/2021 0:00,5983253,2714224,172.243,78.136,2555614,73.57,2/27/2021 0:00,3,Sinovac - CoronaVac
Uzbekistan,UZB,EURO,OWID,9/15/2021 0:00,17435318,,52.094,,3345225,9.995,,3,AstraZeneca - AZD1222
Uzbekistan,UZB,EURO,OWID,9/15/2021 0:00,17435318,,52.094,,3345225,9.995,,3,Gamaleya - Sputnik V
Uzbekistan,UZB,EURO,OWID,9/15/2021 0:00,17435318,,52.094,,3345225,9.995,,3,ZF2001
Vanuatu,VUT,WPRO,REPORTING,9/12/2021 0:00,57171,42840,18.614,13.948,14345,4.67,6/2/2021 0:00,2,AstraZeneca - Vaxzevria
Vanuatu,VUT,WPRO,REPORTING,9/12/2021 0:00,57171,42840,18.614,13.948,14345,4.67,6/2/2021 0:00,2,Beijing CNBG - BBIBP-CorV
Venezuela (Bolivarian Republic of),VEN,AMRO,REPORTING,9/17/2021 0:00,11094206,6822809,39.015,23.994,4261397,14.986,2/22/2021 0:00,3,Beijing CNBG - BBIBP-CorV
Venezuela (Bolivarian Republic of),VEN,AMRO,REPORTING,9/17/2021 0:00,11094206,6822809,39.015,23.994,4261397,14.986,2/22/2021 0:00,3,Gamaleya - Sputnik V
Venezuela (Bolivarian Republic of),VEN,AMRO,REPORTING,9/17/2021 0:00,11094206,6822809,39.015,23.994,4261397,14.986,2/22/2021 0:00,3,Wuhan CNBG - Inactivated
Viet Nam,VNM,WPRO,REPORTING,9/10/2021 0:00,25926688,21459102,26.636,22.046,4467586,4.59,3/8/2021 0:00,5,AstraZeneca - Vaxzevria
Viet Nam,VNM,WPRO,REPORTING,9/10/2021 0:00,25926688,21459102,26.636,22.046,4467586,4.59,3/8/2021 0:00,5,Beijing CNBG - BBIBP-CorV
Viet Nam,VNM,WPRO,REPORTING,9/10/2021 0:00,25926688,21459102,26.636,22.046,4467586,4.59,3/8/2021 0:00,5,Gamaleya - Sputnik V
Viet Nam,VNM,WPRO,REPORTING,9/10/2021 0:00,25926688,21459102,26.636,22.046,4467586,4.59,3/8/2021 0:00,5,Moderna - mRNA-1273
Viet Nam,VNM,WPRO,REPORTING,9/10/2021 0:00,25926688,21459102,26.636,22.046,4467586,4.59,3/8/2021 0:00,5,Pfizer BioNTech - Comirnaty
Wallis and Futuna,WLF,WPRO,REPORTING,9/9/2021 0:00,9902,4952,88.049,44.033,4950,44.016,3/19/2021 0:00,1,Moderna - mRNA-1273
Yemen,YEM,EMRO,REPORTING,9/12/2021 0:00,322934,308025,1.083,1.033,14909,0.05,4/20/2021 0:00,2,Janssen - Ad26.COV 2.5
Yemen,YEM,EMRO,REPORTING,9/12/2021 0:00,322934,308025,1.083,1.033,14909,0.05,4/20/2021 0:00,2,SII - Covishield
Zambia,ZMB,AFRO,REPORTING,9/20/2021 0:00,697261,313240,3.793,1.704,339852,1.849,4/14/2021 0:00,1,SII - Covishield
Zimbabwe,ZWE,AFRO,REPORTING,9/21/2021 0:00,5044188,2962145,33.938,19.93,2082043,14.008,2/18/2021 0:00,3,Beijing CNBG - BBIBP-CorV
Zimbabwe,ZWE,AFRO,REPORTING,9/21/2021 0:00,5044188,2962145,33.938,19.93,2082043,14.008,2/18/2021 0:00,3,Bharat - Covaxin
Zimbabwe,ZWE,AFRO,REPORTING,9/21/2021 0:00,5044188,2962145,33.938,19.93,2082043,14.008,2/18/2021 0:00,3,Sinovac - CoronaVac
